ilce,tur,ad,dosya,longitude,latitude
ALİAĞA,MAHALLE,KARAKÖY,ALİAĞA_KARAKÖY_mahalle_siniri.kml,27.095301500219538,38.808125513703104
ALİAĞA,MAHALLE,KURTULUŞ,ALİAĞA_KURTULUŞ_mahalle_siniri.kml,26.995692328086214,38.79534639906654
ALİAĞA,MAHALLE,KÜLTÜR,ALİAĞA_KÜLTÜR_mahalle_siniri.kml,26.99973895797061,38.8045963120692
ALİAĞA,MAHALLE,MİMAR SİNAN,ALİAĞA_MİMAR_SİNAN_mahalle_siniri.kml,27.032445123789266,38.70118394573445
ALİAĞA,MAHALLE,SAMURLU,ALİAĞA_SAMURLU_mahalle_siniri.kml,26.976073296363957,38.764992062393304
ALİAĞA,MAHALLE,SİTELER,ALİAĞA_SİTELER_mahalle_siniri.kml,26.921536490461136,38.79772463142695
ALİAĞA,MAHALLE,UZUNHASANLAR,ALİAĞA_UZUNHASANLAR_mahalle_siniri.kml,27.081139059526656,38.77298185528744
ALİAĞA,MAHALLE,YALI,ALİAĞA_YALI_mahalle_siniri.kml,27.00481999351992,38.82637029580838
ALİAĞA,MAHALLE,YENİ,ALİAĞA_YENİ_mahalle_siniri.kml,26.981766592240522,38.78545978349154
ALİAĞA,MAHALLE,YUKARI ŞAKRAN,ALİAĞA_YUKARI_ŞAKRAN_mahalle_siniri.kml,27.084250105464648,38.899516597101865
ALİAĞA,MAHALLE,YUKARI ŞEHİTKEMAL,ALİAĞA_YUKARI_ŞEHİTKEMAL_mahalle_siniri.kml,27.01458689855662,38.73833597471545
ALİAĞA,MAHALLE,YÜKSEKKÖY,ALİAĞA_YÜKSEKKÖY_mahalle_siniri.kml,27.145628789685727,38.89474388789194
ALİAĞA,MAHALLE,ÇAKMAKLI,ALİAĞA_ÇAKMAKLI_mahalle_siniri.kml,26.919355017867105,38.74993032092878
ALİAĞA,MAHALLE,ÇALTILIDERE,ALİAĞA_ÇALTILIDERE_mahalle_siniri.kml,27.024354092221536,38.847360794679346
ALİAĞA,MAHALLE,ÇITAK,ALİAĞA_ÇITAK_mahalle_siniri.kml,27.062734277157215,38.74922311407025
ALİAĞA,MAHALLE,ÇORAKLAR,ALİAĞA_ÇORAKLAR_mahalle_siniri.kml,27.05737389348624,38.8189141403279
ALİAĞA,MAHALLE,ŞEHİTKEMAL,ALİAĞA_ŞEHİTKEMAL_mahalle_siniri.kml,26.996850055011517,38.74113759620662
ALİAĞA,MAHALLE,ALİAĞA,ALİAĞA_ALİAĞA_mahalle_siniri.kml,26.953647259699917,38.794945862424015
ALİAĞA,MAHALLE,ATATÜRK,ALİAĞA_ATATÜRK_mahalle_siniri.kml,26.933459167169232,38.81678855887525
ALİAĞA,MAHALLE,AŞAĞIŞAKRAN,ALİAĞA_AŞAĞIŞAKRAN_mahalle_siniri.kml,27.07420654490954,38.92222697930511
ALİAĞA,MAHALLE,BAHÇEDERE,ALİAĞA_BAHÇEDERE_mahalle_siniri.kml,27.108010987437375,38.895117067423534
ALİAĞA,MAHALLE,BARBOROS HAYRETTİN PAŞA,ALİAĞA_BARBOROS_HAYRETTİN_PAŞA_mahalle_siniri.kml,27.00307746484624,38.707506467417105
ALİAĞA,MAHALLE,BOZKÖY,ALİAĞA_BOZKÖY_mahalle_siniri.kml,26.95717110827913,38.72662058322184
ALİAĞA,MAHALLE,FATİH,ALİAĞA_FATİH_mahalle_siniri.kml,26.96837054054363,38.67652692434525
ALİAĞA,MAHALLE,GÜZELHİSAR,ALİAĞA_GÜZELHİSAR_mahalle_siniri.kml,27.029023171558627,38.781116343971334
ALİAĞA,MAHALLE,HACIÖMERLİ,ALİAĞA_HACIÖMERLİ_mahalle_siniri.kml,27.136705856977215,38.8426664166088
ALİAĞA,MAHALLE,HELVACI,ALİAĞA_HELVACI_mahalle_siniri.kml,26.987183562118673,38.69496998897751
ALİAĞA,MAHALLE,HOROZGEDİĞİ,ALİAĞA_HOROZGEDİĞİ_mahalle_siniri.kml,26.927388216693853,38.72895600149305
ALİAĞA,İLÇE,ALİAĞA,ALİAĞA_ilce_siniri.kml,27.044058494575307,38.79948109962675
ALİAĞA,MAHALLE,KALABAK,ALİAĞA_KALABAK_mahalle_siniri.kml,27.098694280984716,38.8404206361847
ALİAĞA,MAHALLE,KAPUKAYA,ALİAĞA_KAPUKAYA_mahalle_siniri.kml,27.13951688118975,38.874691298927175
ALİAĞA,MAHALLE,KARAKUZU,ALİAĞA_KARAKUZU_mahalle_siniri.kml,27.11462971002134,38.75911710750991
BALÇOVA,MAHALLE,BALÇOVA,BALÇOVA_BALÇOVA_mahalle_siniri.kml,27.051565131379203,38.39021818145117
BALÇOVA,İLÇE,BALÇOVA,BALÇOVA_ilce_siniri.kml,27.052043183998606,38.38905281757322
BALÇOVA,MAHALLE,TELEFERİK,BALÇOVA_TELEFERİK_mahalle_siniri.kml,27.04963764292341,38.380631245680554
BALÇOVA,MAHALLE,ÇETİN EMEÇ,BALÇOVA_ÇETİN_EMEÇ_mahalle_siniri.kml,27.07481871394937,38.36906169906415
BALÇOVA,MAHALLE,İNCİRALTI,BALÇOVA_İNCİRALTI_mahalle_siniri.kml,27.039558016163063,38.40253687578102
BAYINDIR,MAHALLE,YAKAPINAR,BAYINDIR_YAKAPINAR_mahalle_siniri.kml,27.54282605413207,38.20379656035361
BAYINDIR,MAHALLE,YENİCE,BAYINDIR_YENİCE_mahalle_siniri.kml,27.65407590015589,38.232246008754345
BAYINDIR,MAHALLE,YENİ,BAYINDIR_YENİ_mahalle_siniri.kml,27.641547123182264,38.221062524525685
BAYINDIR,MAHALLE,YUSUFLU,BAYINDIR_YUSUFLU_mahalle_siniri.kml,27.692730332584457,38.19959814534021
BAYINDIR,MAHALLE,ZEYTİNOVA,BAYINDIR_ZEYTİNOVA_mahalle_siniri.kml,27.726448353481796,38.18875337220398
BAYINDIR,MAHALLE,ÇAMLIBEL,BAYINDIR_ÇAMLIBEL_mahalle_siniri.kml,27.59137779172872,38.2540053002935
BAYINDIR,MAHALLE,ÇENİKLER,BAYINDIR_ÇENİKLER_mahalle_siniri.kml,27.728643681085767,38.241383163779375
BAYINDIR,MAHALLE,ÇINARDİBİ,BAYINDIR_ÇINARDİBİ_mahalle_siniri.kml,27.51745107727269,38.29196462590559
BAYINDIR,MAHALLE,ÇINAR,BAYINDIR_ÇINAR_mahalle_siniri.kml,27.647113132374884,38.23043553536682
BAYINDIR,MAHALLE,ÇIPLAK,BAYINDIR_ÇIPLAK_mahalle_siniri.kml,27.55993682732107,38.175129495688466
BAYINDIR,MAHALLE,ÇIRPI,BAYINDIR_ÇIRPI_mahalle_siniri.kml,27.47661121297558,38.15382651916429
BAYINDIR,MAHALLE,ÇİFTÇİGEDİĞİ,BAYINDIR_ÇİFTÇİGEDİĞİ_mahalle_siniri.kml,27.50470540907819,38.19371652077688
BAYINDIR,MAHALLE,FURUNLU,BAYINDIR_FURUNLU_mahalle_siniri.kml,27.59716876721445,38.18753837789072
BAYINDIR,MAHALLE,GAZİLER,BAYINDIR_GAZİLER_mahalle_siniri.kml,27.76118329498962,38.23750297586738
BAYINDIR,MAHALLE,HACIBEŞİR,BAYINDIR_HACIBEŞİR_mahalle_siniri.kml,27.65137860683641,38.22395454946042
BAYINDIR,MAHALLE,HACIİBRAHİM,BAYINDIR_HACIİBRAHİM_mahalle_siniri.kml,27.626812360985806,38.22977415623227
BAYINDIR,MAHALLE,HASKÖY,BAYINDIR_HASKÖY_mahalle_siniri.kml,27.501953840431547,38.14061940467536
BAYINDIR,MAHALLE,HATAY,BAYINDIR_HATAY_mahalle_siniri.kml,27.631763232114505,38.22002041698863
BAYINDIR,MAHALLE,HAVUZBAŞI,BAYINDIR_HAVUZBAŞI_mahalle_siniri.kml,27.468236402153924,38.17270101399058
BAYINDIR,MAHALLE,HİSARLIK,BAYINDIR_HİSARLIK_mahalle_siniri.kml,27.658549160567397,38.29720396375208
BAYINDIR,İLÇE,BAYINDIR,BAYINDIR_ilce_siniri.kml,27.64314173836533,38.238107109473226
BAYINDIR,MAHALLE,KABAAĞAÇ,BAYINDIR_KABAAĞAÇ_mahalle_siniri.kml,27.746988899351557,38.272659325895916
BAYINDIR,MAHALLE,KARAHALLI,BAYINDIR_KARAHALLI_mahalle_siniri.kml,27.613071025199844,38.20697013210246
BAYINDIR,MAHALLE,KARAHAYIT,BAYINDIR_KARAHAYIT_mahalle_siniri.kml,27.75206082498862,38.24662534720788
BAYINDIR,MAHALLE,KARAPINAR,BAYINDIR_KARAPINAR_mahalle_siniri.kml,27.752307406440632,38.22578561068976
BAYINDIR,MAHALLE,KIZILCAAĞAÇ,BAYINDIR_KIZILCAAĞAÇ_mahalle_siniri.kml,27.63479599266279,38.24613869830596
BAYINDIR,MAHALLE,KIZILCAOVA,BAYINDIR_KIZILCAOVA_mahalle_siniri.kml,27.52264908842965,38.19880914134096
BAYINDIR,MAHALLE,KIZILKEÇİLİ,BAYINDIR_KIZILKEÇİLİ_mahalle_siniri.kml,27.775523115360887,38.30984645188815
BAYINDIR,MAHALLE,KIZILOBA,BAYINDIR_KIZILOBA_mahalle_siniri.kml,27.695199475481143,38.315051815795215
BAYINDIR,MAHALLE,KURT,BAYINDIR_KURT_mahalle_siniri.kml,27.64927048728389,38.22401971493889
BAYINDIR,MAHALLE,LUTUFLAR,BAYINDIR_LUTUFLAR_mahalle_siniri.kml,27.805413429656223,38.270357680191104
BAYINDIR,MAHALLE,MİTHATPAŞA,BAYINDIR_MİTHATPAŞA_mahalle_siniri.kml,27.647814574581442,38.22037540920734
BAYINDIR,MAHALLE,ORTA,BAYINDIR_ORTA_mahalle_siniri.kml,27.648241873295568,38.226119469682715
BAYINDIR,MAHALLE,OSMANLAR,BAYINDIR_OSMANLAR_mahalle_siniri.kml,27.5541815009725,38.308163601711776
BAYINDIR,MAHALLE,PINARLI,BAYINDIR_PINARLI_mahalle_siniri.kml,27.752631665713192,38.1881660027755
BAYINDIR,MAHALLE,SADIKPAŞA,BAYINDIR_SADIKPAŞA_mahalle_siniri.kml,27.63122715650065,38.19502461868031
BAYINDIR,MAHALLE,SARIYURT,BAYINDIR_SARIYURT_mahalle_siniri.kml,27.71963324392696,38.3028668325028
BAYINDIR,MAHALLE,SÖĞÜTÖREN,BAYINDIR_SÖĞÜTÖREN_mahalle_siniri.kml,27.577430539080286,38.23147532029081
BAYINDIR,MAHALLE,TOKATBAŞI,BAYINDIR_TOKATBAŞI_mahalle_siniri.kml,27.622128965912083,38.160369938386445
BAYINDIR,MAHALLE,TURAN,BAYINDIR_TURAN_mahalle_siniri.kml,27.67913051369073,38.21846884857108
BAYINDIR,MAHALLE,ALANKIYI,BAYINDIR_ALANKIYI_mahalle_siniri.kml,27.62763891132546,38.29774266711342
BAYINDIR,MAHALLE,ALANKÖY,BAYINDIR_ALANKÖY_mahalle_siniri.kml,27.780984203428687,38.25109327904709
BAYINDIR,MAHALLE,ARIKBAŞI,BAYINDIR_ARIKBAŞI_mahalle_siniri.kml,27.48440911638613,38.192703534755196
BAYINDIR,MAHALLE,BALCILAR,BAYINDIR_BALCILAR_mahalle_siniri.kml,27.579727013257898,38.28233314950121
BAYINDIR,MAHALLE,BIYIKLAR,BAYINDIR_BIYIKLAR_mahalle_siniri.kml,27.652646549655298,38.222790866893575
BAYINDIR,MAHALLE,BURUNCUK,BAYINDIR_BURUNCUK_mahalle_siniri.kml,27.711515325852826,38.18747186578791
BAYINDIR,MAHALLE,CAMİ,BAYINDIR_CAMİ_mahalle_siniri.kml,27.64675798961874,38.22448795179718
BAYINDIR,MAHALLE,CANLI,BAYINDIR_CANLI_mahalle_siniri.kml,27.55091999529138,38.19356004007813
BAYINDIR,MAHALLE,DEMİRCİLİK,BAYINDIR_DEMİRCİLİK_mahalle_siniri.kml,27.666496711213174,38.223208423147064
BAYINDIR,MAHALLE,DEREKÖY,BAYINDIR_DEREKÖY_mahalle_siniri.kml,27.67005887280146,38.25484085716143
BAYINDIR,MAHALLE,DERNEKLİ,BAYINDIR_DERNEKLİ_mahalle_siniri.kml,27.544025045179545,38.26582333344905
BAYINDIR,MAHALLE,ELİFLİ,BAYINDIR_ELİFLİ_mahalle_siniri.kml,27.579912736117915,38.180129951811814
BAYINDIR,MAHALLE,ERGENLİ,BAYINDIR_ERGENLİ_mahalle_siniri.kml,27.685597620791306,38.2327717295955
BAYINDIR,MAHALLE,FATİH,BAYINDIR_FATİH_mahalle_siniri.kml,27.655126111769217,38.17859623304769
BAYINDIR,MAHALLE,KARAVELİLER,BAYINDIR_KARAVELİLER_mahalle_siniri.kml,27.540523681976683,38.18754252736852
BAYINDIR,MAHALLE,YAKACIK,BAYINDIR_YAKACIK_mahalle_siniri.kml,27.697018415869984,38.18403814473668
BAYRAKLI,MAHALLE,BAYRAKLI,BAYRAKLI_BAYRAKLI_mahalle_siniri.kml,27.17163772576961,38.48337017773918
BAYRAKLI,MAHALLE,DOĞANÇAY,BAYRAKLI_DOĞANÇAY_mahalle_siniri.kml,27.160828652324742,38.50181876843115
BAYRAKLI,MAHALLE,EMEK,BAYRAKLI_EMEK_mahalle_siniri.kml,27.12520446801071,38.47077341658809
BAYRAKLI,İLÇE,BAYRAKLI,BAYRAKLI_ilce_siniri.kml,27.15974867377904,38.48559409563145
BAYRAKLI,MAHALLE,MANAVKUYU,BAYRAKLI_MANAVKUYU_mahalle_siniri.kml,27.19199071396889,38.46206261706498
BAYRAKLI,MAHALLE,MANSUROĞLU,BAYRAKLI_MANSUROĞLU_mahalle_siniri.kml,27.19021371416524,38.45475897567532
BAYRAKLI,MAHALLE,ONUR,BAYRAKLI_ONUR_mahalle_siniri.kml,27.134109444239105,38.49311745244556
BAYRAKLI,MAHALLE,ORG  NAFİZ GÜRMAN,BAYRAKLI_ORG__NAFİZ_GÜRMAN_mahalle_siniri.kml,27.139404786978222,38.48111974803483
BAYRAKLI,MAHALLE,OSMANGAZİ,BAYRAKLI_OSMANGAZİ_mahalle_siniri.kml,27.188900841531026,38.4707582280116
BAYRAKLI,MAHALLE,POSTACILAR,BAYRAKLI_POSTACILAR_mahalle_siniri.kml,27.122960802803277,38.48929047956775
BAYRAKLI,MAHALLE,SALHANE,BAYRAKLI_SALHANE_mahalle_siniri.kml,27.174915262571183,38.45663261484904
BAYRAKLI,MAHALLE,SOĞUKKUYU,BAYRAKLI_SOĞUKKUYU_mahalle_siniri.kml,27.118208116861364,38.47466616221432
BAYRAKLI,MAHALLE,TURAN,BAYRAKLI_TURAN_mahalle_siniri.kml,27.144302373423393,38.47139842102097
BAYRAKLI,MAHALLE,YAMANLAR,BAYRAKLI_YAMANLAR_mahalle_siniri.kml,27.134482280584592,38.48279181509094
BAYRAKLI,MAHALLE,ÇAY,BAYRAKLI_ÇAY_mahalle_siniri.kml,27.181200420121034,38.47039565873893
BERGAMA,MAHALLE,ÇALTIKORU,BERGAMA_ÇALTIKORU_mahalle_siniri.kml,27.332247258030606,39.23737613363429
BERGAMA,MAHALLE,ÇAMAVLU,BERGAMA_ÇAMAVLU_mahalle_siniri.kml,27.16220970532666,39.34230090829104
BERGAMA,MAHALLE,ÇAMKÖY,BERGAMA_ÇAMKÖY_mahalle_siniri.kml,27.082131442920275,39.07683430143983
BERGAMA,MAHALLE,ÇAMOBA,BERGAMA_ÇAMOBA_mahalle_siniri.kml,27.396516443001747,39.25115113545428
BERGAMA,MAHALLE,ÇAMTEPE,BERGAMA_ÇAMTEPE_mahalle_siniri.kml,27.23113917596631,39.21246444860658
BERGAMA,MAHALLE,ÇELTİKÇİ,BERGAMA_ÇELTİKÇİ_mahalle_siniri.kml,27.30605558658434,39.26433560220465
BERGAMA,MAHALLE,ÇOBANLAR,BERGAMA_ÇOBANLAR_mahalle_siniri.kml,27.237234927937212,39.31533564868721
BERGAMA,MAHALLE,ÇÜRÜKBAĞ,BERGAMA_ÇÜRÜKBAĞ_mahalle_siniri.kml,27.22517005895988,39.26236909676446
BERGAMA,MAHALLE,ÇİTKÖY,BERGAMA_ÇİTKÖY_mahalle_siniri.kml,27.277384933638523,39.17818312555196
BERGAMA,MAHALLE,ÖKSÜZLER,BERGAMA_ÖKSÜZLER_mahalle_siniri.kml,27.253138821158917,38.98028147236332
BERGAMA,MAHALLE,ÖRENLİ,BERGAMA_ÖRENLİ_mahalle_siniri.kml,27.2716388502581,39.2221600012915
BERGAMA,MAHALLE,ÖRLEMİŞ,BERGAMA_ÖRLEMİŞ_mahalle_siniri.kml,27.117904620101232,38.93456567439015
BERGAMA,MAHALLE,ÜRKÜTLER,BERGAMA_ÜRKÜTLER_mahalle_siniri.kml,27.3716263041464,39.357538263898824
BERGAMA,MAHALLE,ÜÇTEPE,BERGAMA_ÜÇTEPE_mahalle_siniri.kml,27.21718909141617,39.244906748117685
BERGAMA,MAHALLE,İKİZLER,BERGAMA_İKİZLER_mahalle_siniri.kml,27.304730716981695,39.355826523257484
BERGAMA,MAHALLE,İNCECİKLER,BERGAMA_İNCECİKLER_mahalle_siniri.kml,27.15473593896959,39.19875570757924
BERGAMA,MAHALLE,İNEŞİR,BERGAMA_İNEŞİR_mahalle_siniri.kml,27.393059255375565,39.342924323062924
BERGAMA,MAHALLE,İNKİLAP,BERGAMA_İNKİLAP_mahalle_siniri.kml,27.180662899512647,39.11737556150186
BERGAMA,MAHALLE,İSLAMSARAY,BERGAMA_İSLAMSARAY_mahalle_siniri.kml,27.225423035088653,39.109596657686474
BERGAMA,MAHALLE,İSMAİLLİ,BERGAMA_İSMAİLLİ_mahalle_siniri.kml,27.193382142371707,38.93444739632892
BERGAMA,MAHALLE,DEREKÖY,BERGAMA_DEREKÖY_mahalle_siniri.kml,27.33432773033778,39.284689073151334
BERGAMA,MAHALLE,DOĞANCI,BERGAMA_DOĞANCI_mahalle_siniri.kml,27.315221647169682,39.20258414167045
BERGAMA,MAHALLE,DURMUŞLAR,BERGAMA_DURMUŞLAR_mahalle_siniri.kml,27.373681378017437,39.258836672393564
BERGAMA,MAHALLE,ERTUĞRUL,BERGAMA_ERTUĞRUL_mahalle_siniri.kml,27.148965041951463,39.08450108557712
BERGAMA,MAHALLE,EĞRİGÖL,BERGAMA_EĞRİGÖL_mahalle_siniri.kml,27.118128037665304,39.05064205463741
BERGAMA,MAHALLE,EĞİLLER,BERGAMA_EĞİLLER_mahalle_siniri.kml,27.33647628375443,39.258891671358654
BERGAMA,MAHALLE,FATİH,BERGAMA_FATİH_mahalle_siniri.kml,27.173077218766235,39.102532147274076
BERGAMA,MAHALLE,FERİZLER,BERGAMA_FERİZLER_mahalle_siniri.kml,27.30004667599154,39.17926068293742
BERGAMA,MAHALLE,FEVZİPAŞA,BERGAMA_FEVZİPAŞA_mahalle_siniri.kml,27.206403495093003,39.0960068530801
BERGAMA,MAHALLE,GAYLAN,BERGAMA_GAYLAN_mahalle_siniri.kml,27.195477740147787,39.03762430260509
BERGAMA,MAHALLE,GAZİOSMANPAŞA,BERGAMA_GAZİOSMANPAŞA_mahalle_siniri.kml,27.185519725954833,39.10983444100513
BERGAMA,MAHALLE,GAZİPAŞA,BERGAMA_GAZİPAŞA_mahalle_siniri.kml,27.176789050945388,39.119753040262594
BERGAMA,MAHALLE,GÖBELLER,BERGAMA_GÖBELLER_mahalle_siniri.kml,27.03146947777473,39.23868794494211
BERGAMA,MAHALLE,GÖKÇEYURT,BERGAMA_GÖKÇEYURT_mahalle_siniri.kml,27.191890734434065,39.19643813932364
BERGAMA,MAHALLE,GÖÇBEYLİ,BERGAMA_GÖÇBEYLİ_mahalle_siniri.kml,27.40290612623581,39.20691350579567
BERGAMA,MAHALLE,GÜLTEPE,BERGAMA_GÜLTEPE_mahalle_siniri.kml,27.327212041907067,39.327432971987776
BERGAMA,MAHALLE,GÜNEŞLİ TEKKE ,BERGAMA_GÜNEŞLİ_TEKKE__mahalle_siniri.kml,27.11509111503996,39.35224195735416
BERGAMA,MAHALLE,HACIHAMZALAR,BERGAMA_HACIHAMZALAR_mahalle_siniri.kml,27.039913452056407,39.300299927599774
BERGAMA,MAHALLE,HACILAR TURANLI ,BERGAMA_HACILAR_TURANLI__mahalle_siniri.kml,27.264594085778135,39.33534286297381
BERGAMA,MAHALLE,HACILAR YUNTDAĞ ,BERGAMA_HACILAR_YUNTDAĞ__mahalle_siniri.kml,27.230948089309518,38.96775933149519
BERGAMA,MAHALLE,HALİLAĞALAR,BERGAMA_HALİLAĞALAR_mahalle_siniri.kml,27.2926887591978,39.34123426622456
BERGAMA,MAHALLE,HAMZALI SÜLEYMANİYE,BERGAMA_HAMZALI_SÜLEYMANİYE_mahalle_siniri.kml,27.21100896489795,39.152399647651315
BERGAMA,MAHALLE,HİSAR,BERGAMA_HİSAR_mahalle_siniri.kml,26.998854928866393,39.25807314914155
BERGAMA,MAHALLE,ORUÇLAR,BERGAMA_ORUÇLAR_mahalle_siniri.kml,27.31611584842491,39.365676182863176
BERGAMA,MAHALLE,OVACIK,BERGAMA_OVACIK_mahalle_siniri.kml,27.053820233933084,39.058764125969105
BERGAMA,MAHALLE,PAŞAKÖY,BERGAMA_PAŞAKÖY_mahalle_siniri.kml,27.305420684383243,39.223857461807
BERGAMA,MAHALLE,PINARKÖY,BERGAMA_PINARKÖY_mahalle_siniri.kml,27.052550961363707,39.11649224451558
BERGAMA,MAHALLE,PİREVELİLER,BERGAMA_PİREVELİLER_mahalle_siniri.kml,27.24832722026388,39.267893181102835
BERGAMA,MAHALLE,RAHMANLAR,BERGAMA_RAHMANLAR_mahalle_siniri.kml,27.32553856742054,38.93380719505486
BERGAMA,MAHALLE,SARICALAR,BERGAMA_SARICALAR_mahalle_siniri.kml,27.451903551604076,39.206455463212784
BERGAMA,MAHALLE,SARICAOĞLU,BERGAMA_SARICAOĞLU_mahalle_siniri.kml,27.380568360901304,39.316658357240435
BERGAMA,MAHALLE,SARIDERE,BERGAMA_SARIDERE_mahalle_siniri.kml,27.09709738835676,39.019898591460034
BERGAMA,MAHALLE,SAĞANCI,BERGAMA_SAĞANCI_mahalle_siniri.kml,27.016155378272746,39.073708770330896
BERGAMA,MAHALLE,SEKLİK,BERGAMA_SEKLİK_mahalle_siniri.kml,27.214604390737012,38.88436999896269
BERGAMA,MAHALLE,SELÇUK,BERGAMA_SELÇUK_mahalle_siniri.kml,27.16772083932633,39.13207357367348
BERGAMA,MAHALLE,SÜLEYMANLI,BERGAMA_SÜLEYMANLI_mahalle_siniri.kml,27.063969782443877,39.05162550907876
BERGAMA,MAHALLE,SİNDEL,BERGAMA_SİNDEL_mahalle_siniri.kml,27.20953329690908,39.07732645907055
BERGAMA,MAHALLE,TALATPAŞA,BERGAMA_TALATPAŞA_mahalle_siniri.kml,27.183385957479818,39.12381341602083
BERGAMA,MAHALLE,AZİZİYE,BERGAMA_AZİZİYE_mahalle_siniri.kml,27.34152966720782,39.215319218096674
BERGAMA,MAHALLE,AŞAĞIBEY,BERGAMA_AŞAĞIBEY_mahalle_siniri.kml,26.95583836485208,39.24688316688524
BERGAMA,MAHALLE,AŞAĞICUMA,BERGAMA_AŞAĞICUMA_mahalle_siniri.kml,27.02237175802266,39.275423056676885
BERGAMA,MAHALLE,AŞAĞIILGINDERE,BERGAMA_AŞAĞIILGINDERE_mahalle_siniri.kml,27.46828087150928,39.25528109853846
BERGAMA,MAHALLE,AŞAĞIKIRIKLAR,BERGAMA_AŞAĞIKIRIKLAR_mahalle_siniri.kml,27.01825608381171,39.030609553945254
BERGAMA,MAHALLE,BALABAN,BERGAMA_BALABAN_mahalle_siniri.kml,27.20816281699906,38.95942227764628
BERGAMA,MAHALLE,BARBAROS,BERGAMA_BARBAROS_mahalle_siniri.kml,27.179444910250336,39.122669926720725
BERGAMA,MAHALLE,BAYRAMCILAR,BERGAMA_BAYRAMCILAR_mahalle_siniri.kml,27.250198882200188,38.92327117967978
BERGAMA,MAHALLE,BEKİRLER,BERGAMA_BEKİRLER_mahalle_siniri.kml,27.278012624831128,38.94290495539474
BERGAMA,MAHALLE,BOZKÖY,BERGAMA_BOZKÖY_mahalle_siniri.kml,27.094331159831043,39.040082144413375
BERGAMA,MAHALLE,BOZYERLER,BERGAMA_BOZYERLER_mahalle_siniri.kml,27.127786343998427,38.97082056907934
BERGAMA,MAHALLE,BÖLCEK,BERGAMA_BÖLCEK_mahalle_siniri.kml,27.421462953312012,39.17635288426924
BERGAMA,MAHALLE,CEVAPLI,BERGAMA_CEVAPLI_mahalle_siniri.kml,27.149968667978143,39.02695339484585
BERGAMA,MAHALLE,DAĞISTAN,BERGAMA_DAĞISTAN_mahalle_siniri.kml,27.307958396670955,39.13597343518541
BERGAMA,MAHALLE,AYVATLAR,BERGAMA_AYVATLAR_mahalle_siniri.kml,26.955787442870765,39.27139014684422
BERGAMA,MAHALLE,DEMİRCİDERE,BERGAMA_DEMİRCİDERE_mahalle_siniri.kml,26.916171748895277,39.26279192228023
BERGAMA,İLÇE,BERGAMA,BERGAMA_ilce_siniri.kml,27.19347863078018,39.165133190215954
BERGAMA,MAHALLE,OKÇULAR,BERGAMA_OKÇULAR_mahalle_siniri.kml,26.954833479164026,39.283768838935366
BERGAMA,MAHALLE,TAVUKÇUKURU,BERGAMA_TAVUKÇUKURU_mahalle_siniri.kml,27.267422200368912,38.95714596759488
BERGAMA,MAHALLE,ÇALIBAHÇE,BERGAMA_ÇALIBAHÇE_mahalle_siniri.kml,27.11235446123085,39.00208455514281
BERGAMA,MAHALLE,TEKKEDERE,BERGAMA_TEKKEDERE_mahalle_siniri.kml,27.062911678219134,38.992385042352666
BERGAMA,MAHALLE,TEPEKÖY,BERGAMA_TEPEKÖY_mahalle_siniri.kml,27.10403742225932,39.092210079125564
BERGAMA,MAHALLE,TERZİHALİLLER,BERGAMA_TERZİHALİLLER_mahalle_siniri.kml,27.064742011077623,39.306797149888794
BERGAMA,MAHALLE,TIRMANLAR,BERGAMA_TIRMANLAR_mahalle_siniri.kml,27.264692232349436,39.28501028170432
BERGAMA,MAHALLE,TOPALLAR,BERGAMA_TOPALLAR_mahalle_siniri.kml,27.33898157429726,39.348725100488
BERGAMA,MAHALLE,TURABEY,BERGAMA_TURABEY_mahalle_siniri.kml,27.183282249863485,39.11822944004508
BERGAMA,MAHALLE,TİYELTİ,BERGAMA_TİYELTİ_mahalle_siniri.kml,27.13935593808836,39.12706475669997
BERGAMA,MAHALLE,ULUCAMİ,BERGAMA_ULUCAMİ_mahalle_siniri.kml,27.180732717990015,39.13875916983157
BERGAMA,MAHALLE,YALNIZDAM,BERGAMA_YALNIZDAM_mahalle_siniri.kml,27.437351971958904,39.27954765928565
BERGAMA,MAHALLE,YALNIZEV,BERGAMA_YALNIZEV_mahalle_siniri.kml,27.114504822188803,39.106116705802506
BERGAMA,MAHALLE,YENİKÖY,BERGAMA_YENİKÖY_mahalle_siniri.kml,27.022089010862732,39.005211373702785
BERGAMA,MAHALLE,YENİLER,BERGAMA_YENİLER_mahalle_siniri.kml,27.36200557653927,39.28666177295835
BERGAMA,MAHALLE,YERLİTAHTACI,BERGAMA_YERLİTAHTACI_mahalle_siniri.kml,27.12084368363718,39.16130197051276
BERGAMA,MAHALLE,YORTANLI,BERGAMA_YORTANLI_mahalle_siniri.kml,27.272462748276187,39.250915075451466
BERGAMA,MAHALLE,YUKARIADA,BERGAMA_YUKARIADA_mahalle_siniri.kml,27.34267260533429,39.373927991042265
BERGAMA,MAHALLE,YUKARIBEY,BERGAMA_YUKARIBEY_mahalle_siniri.kml,27.088190315227102,39.240694878609794
BERGAMA,MAHALLE,YUKARICUMA,BERGAMA_YUKARICUMA_mahalle_siniri.kml,27.08858989504202,39.32545361954118
BERGAMA,MAHALLE,YUKARIKIRIKLAR,BERGAMA_YUKARIKIRIKLAR_mahalle_siniri.kml,27.24031664302809,39.17306157620329
BERGAMA,MAHALLE,YUKARI ILGINDERE,BERGAMA_YUKARI_ILGINDERE_mahalle_siniri.kml,27.45761776460384,39.240373318933436
BERGAMA,MAHALLE,ZAFER,BERGAMA_ZAFER_mahalle_siniri.kml,27.15913863179656,39.10937381849102
BERGAMA,MAHALLE,ZAĞNOZ,BERGAMA_ZAĞNOZ_mahalle_siniri.kml,27.35115347372133,39.18028640296045
BERGAMA,MAHALLE,ZEYTİNDAĞ,BERGAMA_ZEYTİNDAĞ_mahalle_siniri.kml,27.055500628376137,38.96304356253669
BERGAMA,MAHALLE,ÇAKIRLAR,BERGAMA_ÇAKIRLAR_mahalle_siniri.kml,27.096535066205053,39.15142090444638
BERGAMA,MAHALLE,KADIKÖY,BERGAMA_KADIKÖY_mahalle_siniri.kml,27.372173130450317,39.17092655965743
BERGAMA,MAHALLE,KALEARDICABER,BERGAMA_KALEARDICABER_mahalle_siniri.kml,27.19627952718904,39.170117706533276
BERGAMA,MAHALLE,KAPLAN GÖÇBEYLİ ,BERGAMA_KAPLAN_GÖÇBEYLİ__mahalle_siniri.kml,27.429597569856625,39.305706887115925
BERGAMA,MAHALLE,KAPLAN KOZAK ,BERGAMA_KAPLAN_KOZAK__mahalle_siniri.kml,26.968999501552773,39.226966857965174
BERGAMA,MAHALLE,KAPUKAYA,BERGAMA_KAPUKAYA_mahalle_siniri.kml,27.1444182884986,39.17362393259166
BERGAMA,MAHALLE,KARAHIDIRLI,BERGAMA_KARAHIDIRLI_mahalle_siniri.kml,27.141878594198214,39.05855823860423
BERGAMA,MAHALLE,KARALAR,BERGAMA_KARALAR_mahalle_siniri.kml,27.328970387732817,39.309068551842564
BERGAMA,MAHALLE,KARAVELİLER,BERGAMA_KARAVELİLER_mahalle_siniri.kml,27.15185534462934,39.27689479809447
BERGAMA,MAHALLE,KATRANCI,BERGAMA_KATRANCI_mahalle_siniri.kml,27.309162255464976,39.32002241671754
BERGAMA,MAHALLE,KAŞIKÇI,BERGAMA_KAŞIKÇI_mahalle_siniri.kml,27.237872871431374,39.077901796433316
BERGAMA,MAHALLE,KIRANLI,BERGAMA_KIRANLI_mahalle_siniri.kml,27.19054535084487,39.31511210884795
BERGAMA,MAHALLE,KIRCALAR,BERGAMA_KIRCALAR_mahalle_siniri.kml,27.346735492389218,39.324459277554666
BERGAMA,MAHALLE,KIZILTEPE,BERGAMA_KIZILTEPE_mahalle_siniri.kml,27.139490934635944,38.94568928091921
BERGAMA,MAHALLE,KOCAHALİLLER,BERGAMA_KOCAHALİLLER_mahalle_siniri.kml,27.282684854165307,38.92963944635787
BERGAMA,MAHALLE,KOCAKÖY,BERGAMA_KOCAKÖY_mahalle_siniri.kml,27.30089362022561,38.94714964210826
BERGAMA,MAHALLE,KOYUNELİ,BERGAMA_KOYUNELİ_mahalle_siniri.kml,27.16727610903921,38.98888083580298
BERGAMA,MAHALLE,KOZLUCA,BERGAMA_KOZLUCA_mahalle_siniri.kml,27.427941526830114,39.243476961817166
BERGAMA,MAHALLE,KURFALLI,BERGAMA_KURFALLI_mahalle_siniri.kml,27.073310922082488,39.01930216118449
BERGAMA,MAHALLE,KURTULUŞ,BERGAMA_KURTULUŞ_mahalle_siniri.kml,27.230170763574392,39.132777857004484
BERGAMA,MAHALLE,KÜÇÜKKAYA KADRİYE ,BERGAMA_KÜÇÜKKAYA_KADRİYE__mahalle_siniri.kml,27.13080123664753,39.104619285530795
BERGAMA,MAHALLE,MARUFLAR,BERGAMA_MARUFLAR_mahalle_siniri.kml,27.212935268525303,39.02166697359807
BERGAMA,MAHALLE,MURATLAR,BERGAMA_MURATLAR_mahalle_siniri.kml,27.460976187110134,39.272045990157835
BERGAMA,MAHALLE,NARLICA,BERGAMA_NARLICA_mahalle_siniri.kml,27.06907181898579,39.10563884415363
BERGAMA,MAHALLE,AHMETBEYLER,BERGAMA_AHMETBEYLER_mahalle_siniri.kml,27.276236666388332,39.158131113710844
BERGAMA,MAHALLE,AKÇENGER,BERGAMA_AKÇENGER_mahalle_siniri.kml,27.29770237544047,39.302866766151446
BERGAMA,MAHALLE,ALACALAR,BERGAMA_ALACALAR_mahalle_siniri.kml,27.087971614286122,39.12615847818733
BERGAMA,MAHALLE,ALHATLI,BERGAMA_ALHATLI_mahalle_siniri.kml,27.391737075365068,39.290185404865795
BERGAMA,MAHALLE,ALİBEYLİ,BERGAMA_ALİBEYLİ_mahalle_siniri.kml,27.364861235381667,39.214897309404265
BERGAMA,MAHALLE,ARMAĞANLAR,BERGAMA_ARMAĞANLAR_mahalle_siniri.kml,27.175951913542008,39.05852845697667
BERGAMA,MAHALLE,ATATÜRK,BERGAMA_ATATÜRK_mahalle_siniri.kml,27.191803031071796,39.090984829070514
BERGAMA,MAHALLE,ATMACA,BERGAMA_ATMACA_mahalle_siniri.kml,27.175030706415743,39.12127178041572
BERGAMA,MAHALLE,ATÇILAR,BERGAMA_ATÇILAR_mahalle_siniri.kml,27.177210310412633,38.910359888395
BERGAMA,MAHALLE,AVUNDUK,BERGAMA_AVUNDUK_mahalle_siniri.kml,27.20969558945957,38.99097125718072
BERGAMA,MAHALLE,AVUNDURUK,BERGAMA_AVUNDURUK_mahalle_siniri.kml,27.188637402930738,39.22385056352394
BERGAMA,MAHALLE,AYASKÖY,BERGAMA_AYASKÖY_mahalle_siniri.kml,27.333993787004946,39.17640485070323
BEYDAĞ,MAHALLE,KURUDERE,BEYDAĞ_KURUDERE_mahalle_siniri.kml,28.25539893270223,38.1442496376581
BEYDAĞ,MAHALLE,MENDERES,BEYDAĞ_MENDERES_mahalle_siniri.kml,28.203694155074476,38.107913024705866
BEYDAĞ,MAHALLE,MUTAFLAR,BEYDAĞ_MUTAFLAR_mahalle_siniri.kml,28.254471449571465,38.0812413378133
BEYDAĞ,MAHALLE,PALAMUTÇUK,BEYDAĞ_PALAMUTÇUK_mahalle_siniri.kml,28.287824462417646,38.07248950063118
BEYDAĞ,MAHALLE,SARIKAYA,BEYDAĞ_SARIKAYA_mahalle_siniri.kml,28.186813285300392,38.116081976447894
BEYDAĞ,MAHALLE,TABAKLAR,BEYDAĞ_TABAKLAR_mahalle_siniri.kml,28.224755504546422,38.06164633097831
BEYDAĞ,MAHALLE,YAĞCILAR,BEYDAĞ_YAĞCILAR_mahalle_siniri.kml,28.145601041422008,38.09042985761357
BEYDAĞ,MAHALLE,YENİYURT,BEYDAĞ_YENİYURT_mahalle_siniri.kml,28.218140821277338,38.06158725683911
BEYDAĞ,MAHALLE,YEŞİLTEPE,BEYDAĞ_YEŞİLTEPE_mahalle_siniri.kml,28.293894178960155,38.105911803720446
BEYDAĞ,MAHALLE,YUKARIAKTEPE,BEYDAĞ_YUKARIAKTEPE_mahalle_siniri.kml,28.266366344151812,38.098707212882324
BEYDAĞ,MAHALLE,YUKARI TOSUNLAR,BEYDAĞ_YUKARI_TOSUNLAR_mahalle_siniri.kml,28.15740286883821,38.11791563563098
BEYDAĞ,MAHALLE,ÇAMLIK,BEYDAĞ_ÇAMLIK_mahalle_siniri.kml,28.284647034724653,38.056857948907414
BEYDAĞ,MAHALLE,ÇOMAKLAR,BEYDAĞ_ÇOMAKLAR_mahalle_siniri.kml,28.258750156897847,38.04903062694865
BEYDAĞ,MAHALLE,ÇİFTLİK,BEYDAĞ_ÇİFTLİK_mahalle_siniri.kml,28.20716479896017,38.1306310672685
BEYDAĞ,MAHALLE,ADAKÜRE,BEYDAĞ_ADAKÜRE_mahalle_siniri.kml,28.1924250518294,38.063759747493705
BEYDAĞ,MAHALLE,AKTEPE,BEYDAĞ_AKTEPE_mahalle_siniri.kml,28.225131353615716,38.101455136368834
BEYDAĞ,MAHALLE,ALAKEÇİLİ,BEYDAĞ_ALAKEÇİLİ_mahalle_siniri.kml,28.187429207630043,38.08768855241205
BEYDAĞ,MAHALLE,ATATÜRK,BEYDAĞ_ATATÜRK_mahalle_siniri.kml,28.214518527525982,38.086603420877275
BEYDAĞ,MAHALLE,BAKIR,BEYDAĞ_BAKIR_mahalle_siniri.kml,28.24063141815756,38.123090979599255
BEYDAĞ,MAHALLE,BEYDAĞ,BEYDAĞ_BEYDAĞ_mahalle_siniri.kml,28.2068557128191,38.08985948641221
BEYDAĞ,MAHALLE,BEYKÖY,BEYDAĞ_BEYKÖY_mahalle_siniri.kml,28.20877552465469,38.06196025552954
BEYDAĞ,MAHALLE,CUMHURİYET,BEYDAĞ_CUMHURİYET_mahalle_siniri.kml,28.208502484148227,38.08912437262001
BEYDAĞ,MAHALLE,ERİKLİ,BEYDAĞ_ERİKLİ_mahalle_siniri.kml,28.233781122859273,38.05609356305441
BEYDAĞ,MAHALLE,EĞRİDERE,BEYDAĞ_EĞRİDERE_mahalle_siniri.kml,28.30076324265532,38.12273866981678
BEYDAĞ,MAHALLE,HALIKÖY,BEYDAĞ_HALIKÖY_mahalle_siniri.kml,28.167351343303093,38.07494746415546
BEYDAĞ,İLÇE,BEYDAĞ,BEYDAĞ_ilce_siniri.kml,28.23156140865606,38.093354627532484
BEYDAĞ,MAHALLE,KARAOBA,BEYDAĞ_KARAOBA_mahalle_siniri.kml,28.247222776341765,38.13013671851306
BORNOVA,MAHALLE,KAYADİBİ,BORNOVA_KAYADİBİ_mahalle_siniri.kml,27.238673915981362,38.52273084201475
BORNOVA,MAHALLE,KAZIMDİRİK,BORNOVA_KAZIMDİRİK_mahalle_siniri.kml,27.20317004414719,38.45171959322683
BORNOVA,MAHALLE,KEMALPAŞA,BORNOVA_KEMALPAŞA_mahalle_siniri.kml,27.273908812923985,38.436801050174644
BORNOVA,MAHALLE,KURUDERE,BORNOVA_KURUDERE_mahalle_siniri.kml,27.253002550542828,38.552487720235725
BORNOVA,MAHALLE,LAKA,BORNOVA_LAKA_mahalle_siniri.kml,27.1873909972715,38.50019595104426
BORNOVA,MAHALLE,MEVLANA,BORNOVA_MEVLANA_mahalle_siniri.kml,27.24016545909347,38.45101499781179
BORNOVA,MAHALLE,NALDÖKEN,BORNOVA_NALDÖKEN_mahalle_siniri.kml,27.271419906642976,38.45482407121539
BORNOVA,MAHALLE,PINARBAŞI,BORNOVA_PINARBAŞI_mahalle_siniri.kml,27.264819766021205,38.42923973431524
BORNOVA,MAHALLE,SARNIÇ,BORNOVA_SARNIÇ_mahalle_siniri.kml,27.281576707140818,38.552288221432136
BORNOVA,MAHALLE,YAKA,BORNOVA_YAKA_mahalle_siniri.kml,27.318496358584436,38.50820124469254
BORNOVA,MAHALLE,YEŞİLÇAM,BORNOVA_YEŞİLÇAM_mahalle_siniri.kml,27.29894750485217,38.44772801500424
BORNOVA,MAHALLE,YUNUS EMRE,BORNOVA_YUNUS_EMRE_mahalle_siniri.kml,27.23725365241756,38.440842238368674
BORNOVA,MAHALLE,ÇAMDİBİ,BORNOVA_ÇAMDİBİ_mahalle_siniri.kml,27.19006344840383,38.431500375066875
BORNOVA,MAHALLE,ÇAMİÇİ,BORNOVA_ÇAMİÇİ_mahalle_siniri.kml,27.211618065939053,38.52788193819134
BORNOVA,MAHALLE,ÇİÇEKLİ,BORNOVA_ÇİÇEKLİ_mahalle_siniri.kml,27.2784449525172,38.490443194014304
BORNOVA,MAHALLE,ÜMİT,BORNOVA_ÜMİT_mahalle_siniri.kml,27.253354227989693,38.4419912388668
BORNOVA,MAHALLE,ALTINDAĞ,BORNOVA_ALTINDAĞ_mahalle_siniri.kml,27.20573219454336,38.41880977816817
BORNOVA,MAHALLE,BEŞYOL,BORNOVA_BEŞYOL_mahalle_siniri.kml,27.29280676130155,38.54309222218689
BORNOVA,MAHALLE,DOĞANLAR,BORNOVA_DOĞANLAR_mahalle_siniri.kml,27.252727620360677,38.45188925752976
BORNOVA,MAHALLE,EGEMENLİK,BORNOVA_EGEMENLİK_mahalle_siniri.kml,27.232730328359114,38.42469897092501
BORNOVA,MAHALLE,ERGENE,BORNOVA_ERGENE_mahalle_siniri.kml,27.207146084457353,38.477340607310445
BORNOVA,MAHALLE,ERZENE,BORNOVA_ERZENE_mahalle_siniri.kml,27.23870574822217,38.47428490459958
BORNOVA,MAHALLE,EVKA-3,BORNOVA_EVKA-3_mahalle_siniri.kml,27.251709674926623,38.46162633687258
BORNOVA,MAHALLE,EĞRİDERE,BORNOVA_EĞRİDERE_mahalle_siniri.kml,27.204585160971327,38.506366661110036
BORNOVA,MAHALLE,GÖKDERE,BORNOVA_GÖKDERE_mahalle_siniri.kml,27.229944062665385,38.38324709640545
BORNOVA,MAHALLE,GÜRPINAR,BORNOVA_GÜRPINAR_mahalle_siniri.kml,27.258806920036665,38.42161074352225
BORNOVA,İLÇE,BORNOVA,BORNOVA_ilce_siniri.kml,27.258414553296703,38.4933419946589
BORNOVA,MAHALLE,IŞIKLAR,BORNOVA_IŞIKLAR_mahalle_siniri.kml,27.228075948755173,38.42883284337213
BORNOVA,MAHALLE,KARACAOĞLAN,BORNOVA_KARACAOĞLAN_mahalle_siniri.kml,27.220769979054964,38.43525438821881
BORNOVA,MAHALLE,KARAÇAM,BORNOVA_KARAÇAM_mahalle_siniri.kml,27.266799533408104,38.5164986922695
BORNOVA,MAHALLE,KAVAKLIDERE,BORNOVA_KAVAKLIDERE_mahalle_siniri.kml,27.31312487978339,38.44992900807367
BUCA,MAHALLE,29 EKİM,BUCA_29_EKİM_mahalle_siniri.kml,27.255992980149365,38.359129603952105
BUCA,MAHALLE,ADATEPE,BUCA_ADATEPE_mahalle_siniri.kml,27.208275177280935,38.37924320996654
BUCA,MAHALLE,BELENBAŞI,BUCA_BELENBAŞI_mahalle_siniri.kml,27.270923812146364,38.3136310172606
BUCA,MAHALLE,DOĞANCILAR,BUCA_DOĞANCILAR_mahalle_siniri.kml,27.345396851562622,38.30050241896372
BUCA,MAHALLE,DUMLUPINAR,BUCA_DUMLUPINAR_mahalle_siniri.kml,27.15938437058506,38.362564526922334
BUCA,MAHALLE,GÜVEN,BUCA_GÜVEN_mahalle_siniri.kml,27.151506736356016,38.40236382752393
BUCA,MAHALLE,HÜRRİYET,BUCA_HÜRRİYET_mahalle_siniri.kml,27.14698204964199,38.400377626177246
BUCA,İLÇE,BUCA,BUCA_ilce_siniri.kml,27.249872729588738,38.3438504087553
BUCA,MAHALLE,KARACAAĞAÇ,BUCA_KARACAAĞAÇ_mahalle_siniri.kml,27.257910165840407,38.28438097126559
BUCA,MAHALLE,KAYNAKLAR,BUCA_KAYNAKLAR_mahalle_siniri.kml,27.29797987121158,38.35599343113196
BUCA,MAHALLE,KIRKLAR,BUCA_KIRKLAR_mahalle_siniri.kml,27.3162709459906,38.30930178661068
BUCA,MAHALLE,KIZILÇULLU,BUCA_KIZILÇULLU_mahalle_siniri.kml,27.144054345298613,38.38785786544618
BUCA,MAHALLE,KOCATEPE,BUCA_KOCATEPE_mahalle_siniri.kml,27.17169689725898,38.399674504004494
BUCA,MAHALLE,KURUÇEŞME,BUCA_KURUÇEŞME_mahalle_siniri.kml,27.230491990428455,38.35442803224129
BUCA,MAHALLE,SAKARYA,BUCA_SAKARYA_mahalle_siniri.kml,27.147808694833614,38.40352652743609
BUCA,MAHALLE,TINAZTEPE,BUCA_TINAZTEPE_mahalle_siniri.kml,27.19824598887589,38.36810443819557
BUCA,MAHALLE,YILDIZLAR,BUCA_YILDIZLAR_mahalle_siniri.kml,27.24591338978445,38.321545958505666
BUCA,MAHALLE,YILDIZ,BUCA_YILDIZ_mahalle_siniri.kml,27.18707812322345,38.35413582480915
BUCA,MAHALLE,ZAFER,BUCA_ZAFER_mahalle_siniri.kml,27.229590961235026,38.34143470042347
BUCA,MAHALLE,ÇAMLIKULE,BUCA_ÇAMLIKULE_mahalle_siniri.kml,27.169762203169242,38.36311390494786
BUCA,MAHALLE,ÇAMLIK,BUCA_ÇAMLIK_mahalle_siniri.kml,27.154822722248237,38.40239623168833
BUCA,MAHALLE,İNÖNÜ,BUCA_İNÖNÜ_mahalle_siniri.kml,27.15662128175945,38.37968922778607
DİKİLİ,MAHALLE,KIROBA,DİKİLİ_KIROBA_mahalle_siniri.kml,26.95036589470624,39.10769759508781
DİKİLİ,MAHALLE,KIZILÇUKUR,DİKİLİ_KIZILÇUKUR_mahalle_siniri.kml,26.93131602323165,39.11829317143114
DİKİLİ,MAHALLE,KOCAOBA,DİKİLİ_KOCAOBA_mahalle_siniri.kml,26.96578912019872,39.09116146478533
DİKİLİ,MAHALLE,MAZILI,DİKİLİ_MAZILI_mahalle_siniri.kml,26.97193392828578,39.12941392902428
DİKİLİ,MAHALLE,MERDİVENLİ,DİKİLİ_MERDİVENLİ_mahalle_siniri.kml,26.848649357907018,38.99327888820702
DİKİLİ,MAHALLE,NEBİLER,DİKİLİ_NEBİLER_mahalle_siniri.kml,26.910474530976003,39.166284923053205
DİKİLİ,MAHALLE,SALİHLER,DİKİLİ_SALİHLER_mahalle_siniri.kml,26.83320925193837,39.16804309985254
DİKİLİ,MAHALLE,SALİMBEY,DİKİLİ_SALİMBEY_mahalle_siniri.kml,26.92493117938179,39.05220982449186
DİKİLİ,MAHALLE,SAMANLIKKÖY,DİKİLİ_SAMANLIKKÖY_mahalle_siniri.kml,27.027489941109607,39.12303955567547
DİKİLİ,MAHALLE,UZUNBURUN,DİKİLİ_UZUNBURUN_mahalle_siniri.kml,26.897574836956238,39.03825683424069
DİKİLİ,MAHALLE,YAHŞİBEY,DİKİLİ_YAHŞİBEY_mahalle_siniri.kml,26.85031933623295,39.04153357178136
DİKİLİ,MAHALLE,YAYLAYURT,DİKİLİ_YAYLAYURT_mahalle_siniri.kml,26.909191178289493,38.96008107681879
DİKİLİ,MAHALLE,YENİCE,DİKİLİ_YENİCE_mahalle_siniri.kml,27.00325156780852,39.102873335277025
DİKİLİ,MAHALLE,ÇANDARLI,DİKİLİ_ÇANDARLI_mahalle_siniri.kml,26.950300779441022,38.95555040287821
DİKİLİ,MAHALLE,ÇAĞLAN,DİKİLİ_ÇAĞLAN_mahalle_siniri.kml,27.014707698181677,39.13694131683896
DİKİLİ,MAHALLE,ÇUKURALAN,DİKİLİ_ÇUKURALAN_mahalle_siniri.kml,26.94654968764936,39.19634517275292
DİKİLİ,MAHALLE,İSLAMLAR,DİKİLİ_İSLAMLAR_mahalle_siniri.kml,26.941025865840967,39.14789484636035
DİKİLİ,MAHALLE,İSMETPAŞA,DİKİLİ_İSMETPAŞA_mahalle_siniri.kml,26.924052587953227,39.079716952760585
DİKİLİ,MAHALLE,BADEMLİ,DİKİLİ_BADEMLİ_mahalle_siniri.kml,26.816581437396238,39.01811878994545
DİKİLİ,MAHALLE,BAHÇELİ,DİKİLİ_BAHÇELİ_mahalle_siniri.kml,26.82092697555017,39.202407718340815
DİKİLİ,MAHALLE,DELİKTAŞ,DİKİLİ_DELİKTAŞ_mahalle_siniri.kml,26.92620235710277,38.98159301017009
DİKİLİ,MAHALLE,DEMİRTAŞ,DİKİLİ_DEMİRTAŞ_mahalle_siniri.kml,26.944517384271442,39.0134377188901
DİKİLİ,MAHALLE,DENİZKÖY,DİKİLİ_DENİZKÖY_mahalle_siniri.kml,26.82066639390841,38.95622771757921
DİKİLİ,MAHALLE,ESENTEPE,DİKİLİ_ESENTEPE_mahalle_siniri.kml,26.91329836976818,39.025708994796865
DİKİLİ,MAHALLE,GAZİPAŞA,DİKİLİ_GAZİPAŞA_mahalle_siniri.kml,26.882881002247057,39.054571085121204
DİKİLİ,MAHALLE,GÖKÇEAĞIL,DİKİLİ_GÖKÇEAĞIL_mahalle_siniri.kml,26.9070196768726,39.19885315372988
DİKİLİ,İLÇE,DİKİLİ,DİKİLİ_ilce_siniri.kml,26.911177060967653,39.08534371700874
DİKİLİ,MAHALLE,KABAKUM,DİKİLİ_KABAKUM_mahalle_siniri.kml,26.881261423853253,39.13033425606275
DİKİLİ,MAHALLE,KATIRALANI,DİKİLİ_KATIRALANI_mahalle_siniri.kml,26.87922083392868,39.001042168061176
DİKİLİ,MAHALLE,KIRATLI,DİKİLİ_KIRATLI_mahalle_siniri.kml,26.8774654794099,39.206186819618146
FOÇA,MAHALLE,ATATÜRK,FOÇA_ATATÜRK_mahalle_siniri.kml,26.77422038377622,38.63672554093105
FOÇA,MAHALLE,BAĞARASI,FOÇA_BAĞARASI_mahalle_siniri.kml,26.86616375589883,38.657525396400544
FOÇA,MAHALLE,FEVZİPAŞA,FOÇA_FEVZİPAŞA_mahalle_siniri.kml,26.779546335999243,38.659617130617285
FOÇA,MAHALLE,GERENKÖY-KEMAL ATATÜRK,FOÇA_GERENKÖY-KEMAL_ATATÜRK_mahalle_siniri.kml,26.887226564954556,38.64721744290482
FOÇA,MAHALLE,GERENKÖY-MAREŞAL FEVZİ ÇAKMAK,FOÇA_GERENKÖY-MAREŞAL_FEVZİ_ÇAKMAK_mahalle_siniri.kml,26.924470918146667,38.6556793912972
FOÇA,MAHALLE,GERENKÖY,FOÇA_GERENKÖY_mahalle_siniri.kml,26.916615020000812,38.64874849210121
FOÇA,MAHALLE,HACIVELİ,FOÇA_HACIVELİ_mahalle_siniri.kml,26.863924281217866,38.66986902302961
FOÇA,İLÇE,FOÇA,FOÇA_ilce_siniri.kml,26.838178135656896,38.681072780704405
FOÇA,MAHALLE,ILIPINAR,FOÇA_ILIPINAR_mahalle_siniri.kml,26.930492494999964,38.68919101717043
FOÇA,MAHALLE,KAZIMDİRİK,FOÇA_KAZIMDİRİK_mahalle_siniri.kml,26.857055470092202,38.65013820749926
FOÇA,MAHALLE,KOCAMEHMETLER,FOÇA_KOCAMEHMETLER_mahalle_siniri.kml,26.864006040966686,38.69450992192984
FOÇA,MAHALLE,KOZBEYLİ,FOÇA_KOZBEYLİ_mahalle_siniri.kml,26.893793901054664,38.715773734023095
FOÇA,MAHALLE,YENİBAĞARASI,FOÇA_YENİBAĞARASI_mahalle_siniri.kml,26.82593521573169,38.64121167308622
FOÇA,MAHALLE,YENİFOÇA-CUMHURİYET,FOÇA_YENİFOÇA-CUMHURİYET_mahalle_siniri.kml,26.866113262381784,38.727849742086526
FOÇA,MAHALLE,YENİFOÇA-FATİH,FOÇA_YENİFOÇA-FATİH_mahalle_siniri.kml,26.785246701671035,38.740322012818574
FOÇA,MAHALLE,YENİFOÇA-FEVZİ ÇAKMAK,FOÇA_YENİFOÇA-FEVZİ_ÇAKMAK_mahalle_siniri.kml,26.81374496518269,38.70135449096147
FOÇA,MAHALLE,YENİFOÇA-MUSTAFA KEMAL ATATÜRK,FOÇA_YENİFOÇA-MUSTAFA_KEMAL_ATATÜRK_mahalle_siniri.kml,26.843590499974184,38.71319169885672
FOÇA,MAHALLE,YENİFOÇA,FOÇA_YENİFOÇA_mahalle_siniri.kml,26.80977206279886,38.72640121890759
FOÇA,MAHALLE,YENİKÖY,FOÇA_YENİKÖY_mahalle_siniri.kml,26.892716729853156,38.68782914664957
FOÇA,MAHALLE,İSMETPAŞA,FOÇA_İSMETPAŞA_mahalle_siniri.kml,26.763934077976913,38.694214440502535
GAZİEMİR,MAHALLE,AKTEPE,GAZİEMİR_AKTEPE_mahalle_siniri.kml,27.125660974712293,38.35186329228669
GAZİEMİR,MAHALLE,ATIFBEY,GAZİEMİR_ATIFBEY_mahalle_siniri.kml,27.19147490394645,38.310649923905174
GAZİEMİR,MAHALLE,BEYAZEVLER,GAZİEMİR_BEYAZEVLER_mahalle_siniri.kml,27.14566953436858,38.34213360078601
GAZİEMİR,MAHALLE,BİNBAŞI REŞATBEY,GAZİEMİR_BİNBAŞI_REŞATBEY_mahalle_siniri.kml,27.13594901033271,38.354108772322625
GAZİEMİR,MAHALLE,DOKUZEYLÜL,GAZİEMİR_DOKUZEYLÜL_mahalle_siniri.kml,27.157169649094552,38.317880194064166
GAZİEMİR,MAHALLE,EMREZ,GAZİEMİR_EMREZ_mahalle_siniri.kml,27.132824086588556,38.35932280034207
GAZİEMİR,MAHALLE,FATİH,GAZİEMİR_FATİH_mahalle_siniri.kml,27.163189503866313,38.30977725529211
GAZİEMİR,MAHALLE,GAZİKENT,GAZİEMİR_GAZİKENT_mahalle_siniri.kml,27.14078607646906,38.31213692702876
GAZİEMİR,MAHALLE,GAZİ,GAZİEMİR_GAZİ_mahalle_siniri.kml,27.13083225834796,38.32707155810553
GAZİEMİR,İLÇE,GAZİEMİR,GAZİEMİR_ilce_siniri.kml,27.16657792196289,38.31715505088325
GAZİEMİR,MAHALLE,IRMAK,GAZİEMİR_IRMAK_mahalle_siniri.kml,27.114342949558765,38.32255257207253
GAZİEMİR,MAHALLE,SAKARYA,GAZİEMİR_SAKARYA_mahalle_siniri.kml,27.132080880220855,38.3423387179293
GAZİEMİR,MAHALLE,SEVGİ,GAZİEMİR_SEVGİ_mahalle_siniri.kml,27.132858145531852,38.303922631003104
GAZİEMİR,MAHALLE,YEŞİL,GAZİEMİR_YEŞİL_mahalle_siniri.kml,27.122311578074044,38.31061622574613
GAZİEMİR,MAHALLE,ZAFER,GAZİEMİR_ZAFER_mahalle_siniri.kml,27.11941020070362,38.33842375868129
GAZİEMİR,MAHALLE,ÇAY,GAZİEMİR_ÇAY_mahalle_siniri.kml,27.116154745687634,38.333565227803106
GÜZELBAHÇE,MAHALLE,ATATÜRK,GÜZELBAHÇE_ATATÜRK_mahalle_siniri.kml,26.892730718611993,38.35440774028419
GÜZELBAHÇE,İLÇE,GÜZELBAHÇE,GÜZELBAHÇE_ilce_siniri.kml,26.884980944876943,38.334187698215835
GÜZELBAHÇE,MAHALLE,KAHRAMANDERE,GÜZELBAHÇE_KAHRAMANDERE_mahalle_siniri.kml,26.875265653062026,38.35824448952898
GÜZELBAHÇE,MAHALLE,KÜÇÜKKAYA,GÜZELBAHÇE_KÜÇÜKKAYA_mahalle_siniri.kml,26.890885229124592,38.334927345790405
GÜZELBAHÇE,MAHALLE,MALTEPE,GÜZELBAHÇE_MALTEPE_mahalle_siniri.kml,26.912281402339687,38.376986026461935
GÜZELBAHÇE,MAHALLE,MUSTAFA KEMAL PAŞA,GÜZELBAHÇE_MUSTAFA_KEMAL_PAŞA_mahalle_siniri.kml,26.873921821435772,38.3379508622035
GÜZELBAHÇE,MAHALLE,PAYAMLI,GÜZELBAHÇE_PAYAMLI_mahalle_siniri.kml,26.923234298250115,38.32357363753271
GÜZELBAHÇE,MAHALLE,SİTELER,GÜZELBAHÇE_SİTELER_mahalle_siniri.kml,26.86482038448385,38.36978602311969
GÜZELBAHÇE,MAHALLE,YAKA,GÜZELBAHÇE_YAKA_mahalle_siniri.kml,26.92023692600968,38.35594446334932
GÜZELBAHÇE,MAHALLE,YALI,GÜZELBAHÇE_YALI_mahalle_siniri.kml,26.889922917282274,38.37404272997979
GÜZELBAHÇE,MAHALLE,YELKİ,GÜZELBAHÇE_YELKİ_mahalle_siniri.kml,26.849220011679183,38.34046125444853
GÜZELBAHÇE,MAHALLE,ÇAMLI,GÜZELBAHÇE_ÇAMLI_mahalle_siniri.kml,26.85375814279222,38.31092714453732
GÜZELBAHÇE,MAHALLE,ÇELEBİ,GÜZELBAHÇE_ÇELEBİ_mahalle_siniri.kml,26.884809735480697,38.366581450891665
KARABAĞLAR,İLÇE,KARABAĞLAR,KARABAĞLAR_ilce_siniri.kml,27.03054364501997,38.3455656141208
KARABAĞLAR,MAHALLE,KARABAĞLAR,KARABAĞLAR_KARABAĞLAR_mahalle_siniri.kml,27.12982866030868,38.37060579473625
KARABAĞLAR,MAHALLE,KAVACIK,KARABAĞLAR_KAVACIK_mahalle_siniri.kml,26.96960759120251,38.32511449639341
KARABAĞLAR,MAHALLE,LİMONTEPE,KARABAĞLAR_LİMONTEPE_mahalle_siniri.kml,27.097149088411065,38.377197327694994
KARABAĞLAR,MAHALLE,MALİYECİLER,KARABAĞLAR_MALİYECİLER_mahalle_siniri.kml,27.096658938315592,38.38869357181556
KARABAĞLAR,MAHALLE,METİN OKTAY,KARABAĞLAR_METİN_OKTAY_mahalle_siniri.kml,27.092766827263812,38.38945417397592
KARABAĞLAR,MAHALLE,MUAMMER AKAR,KARABAĞLAR_MUAMMER_AKAR_mahalle_siniri.kml,27.078984209953717,38.392084317049
KARABAĞLAR,MAHALLE,POLİGON,KARABAĞLAR_POLİGON_mahalle_siniri.kml,27.086063172589718,38.38834369001364
KARABAĞLAR,MAHALLE,SALİH OMURTAK,KARABAĞLAR_SALİH_OMURTAK_mahalle_siniri.kml,27.097770533591557,38.38318970049813
KARABAĞLAR,MAHALLE,TAHSİN YAZICI,KARABAĞLAR_TAHSİN_YAZICI_mahalle_siniri.kml,27.106999158255555,38.38738396902357
KARABAĞLAR,MAHALLE,TIRAZLI,KARABAĞLAR_TIRAZLI_mahalle_siniri.kml,27.043227442488025,38.33122598149056
KARABAĞLAR,MAHALLE,UZUNDERE,KARABAĞLAR_UZUNDERE_mahalle_siniri.kml,27.100611250822475,38.35041497100004
KARABAĞLAR,MAHALLE,VATAN,KARABAĞLAR_VATAN_mahalle_siniri.kml,27.10498417073835,38.39305835156776
KARABAĞLAR,MAHALLE,YAŞAR KEMAL,KARABAĞLAR_YAŞAR_KEMAL_mahalle_siniri.kml,27.084164658327712,38.3525014259795
KARABAĞLAR,MAHALLE,YEŞİLYURT,KARABAĞLAR_YEŞİLYURT_mahalle_siniri.kml,27.113023770498376,38.39492437307189
KARABAĞLAR,MAHALLE,YURTOĞLU,KARABAĞLAR_YURTOĞLU_mahalle_siniri.kml,27.094691208589037,38.36014367899961
KARABAĞLAR,MAHALLE,YÜZBAŞI ŞERAFETTİN,KARABAĞLAR_YÜZBAŞI_ŞERAFETTİN_mahalle_siniri.kml,27.092560867986187,38.36517370783777
KARABAĞLAR,MAHALLE,ÜÇKUYULAR,KARABAĞLAR_ÜÇKUYULAR_mahalle_siniri.kml,27.072814050340273,38.39356775053016
KARABAĞLAR,MAHALLE,ŞEHİTLER,KARABAĞLAR_ŞEHİTLER_mahalle_siniri.kml,27.089038049299823,38.38685521941442
KARABAĞLAR,MAHALLE,ADNAN SÜVARİ,KARABAĞLAR_ADNAN_SÜVARİ_mahalle_siniri.kml,27.096611065999845,38.39343441626421
KARABAĞLAR,MAHALLE,ALİFUAT CEBESOY,KARABAĞLAR_ALİFUAT_CEBESOY_mahalle_siniri.kml,27.108770688283276,38.380994653445235
KARABAĞLAR,MAHALLE,ALİ FUAT ERDEM,KARABAĞLAR_ALİ_FUAT_ERDEM_mahalle_siniri.kml,27.088392092021575,38.37740817112421
KARABAĞLAR,MAHALLE,ARAP HASAN,KARABAĞLAR_ARAP_HASAN_mahalle_siniri.kml,27.110429116302857,38.4005328015463
KARABAĞLAR,MAHALLE,BAHRİYE ÜÇOK,KARABAĞLAR_BAHRİYE_ÜÇOK_mahalle_siniri.kml,27.10186159365543,38.38061680075232
KARABAĞLAR,MAHALLE,BASIN SİTESİ,KARABAĞLAR_BASIN_SİTESİ_mahalle_siniri.kml,27.101368984466408,38.39830503777498
KARABAĞLAR,MAHALLE,BOZYAKA,KARABAĞLAR_BOZYAKA_mahalle_siniri.kml,27.1175440654934,38.38110723668743
KARABAĞLAR,MAHALLE,CENNETÇEŞME,KARABAĞLAR_CENNETÇEŞME_mahalle_siniri.kml,27.0879051706187,38.360549704363656
KARABAĞLAR,MAHALLE,ESENTEPE,KARABAĞLAR_ESENTEPE_mahalle_siniri.kml,27.07542543056703,38.38854251118943
KARABAĞLAR,MAHALLE,ESENYALI,KARABAĞLAR_ESENYALI_mahalle_siniri.kml,27.090334428527086,38.39341680873503
KARABAĞLAR,MAHALLE,FAHRETTİN ALTAY,KARABAĞLAR_FAHRETTİN_ALTAY_mahalle_siniri.kml,27.069016176648105,38.39031026932953
KARABAĞLAR,MAHALLE,GENERAL KAZIM ÖZALP,KARABAĞLAR_GENERAL_KAZIM_ÖZALP_mahalle_siniri.kml,27.07942688932344,38.38422170740974
KARABURUN,MAHALLE,ANBARSEKİ,KARABURUN_ANBARSEKİ_mahalle_siniri.kml,26.52897222305711,38.59880597266769
KARABURUN,MAHALLE,BOZKÖY,KARABURUN_BOZKÖY_mahalle_siniri.kml,26.46402382697819,38.63204596564109
KARABURUN,MAHALLE,EĞLENHOCA,KARABURUN_EĞLENHOCA_mahalle_siniri.kml,26.531490244738052,38.496011690603304
KARABURUN,MAHALLE,HASSEKİ,KARABURUN_HASSEKİ_mahalle_siniri.kml,26.417508333580685,38.65493596369464
KARABURUN,İLÇE,KARABURUN,KARABURUN_ilce_siniri.kml,26.468786505967795,38.55802442970797
KARABURUN,MAHALLE,KÖSEDERE,KARABURUN_KÖSEDERE_mahalle_siniri.kml,26.528688796912263,38.54772556165418
KARABURUN,MAHALLE,KÜÇÜKBAHÇE,KARABURUN_KÜÇÜKBAHÇE_mahalle_siniri.kml,26.426632027849607,38.51071287868273
KARABURUN,MAHALLE,MERKEZ,KARABURUN_MERKEZ_mahalle_siniri.kml,26.492233286674825,38.636773930148316
KARABURUN,MAHALLE,MORDOĞAN,KARABURUN_MORDOĞAN_mahalle_siniri.kml,26.60354655007102,38.496594633194206
KARABURUN,MAHALLE,PARLAK,KARABURUN_PARLAK_mahalle_siniri.kml,26.40263712114765,38.61134849240051
KARABURUN,MAHALLE,SALMAN,KARABURUN_SALMAN_mahalle_siniri.kml,26.380483973769817,38.5867258933884
KARABURUN,MAHALLE,SARPINCIK,KARABURUN_SARPINCIK_mahalle_siniri.kml,26.382772057738155,38.64739681028724
KARABURUN,MAHALLE,SAİP,KARABURUN_SAİP_mahalle_siniri.kml,26.50930754727419,38.62084268787405
KARABURUN,MAHALLE,TEPEBOZ,KARABURUN_TEPEBOZ_mahalle_siniri.kml,26.44186612788651,38.64869985115401
KARABURUN,MAHALLE,YAYLA,KARABURUN_YAYLA_mahalle_siniri.kml,26.469533223082006,38.564073771215725
KARABURUN,MAHALLE,ÇATALKAYA,KARABURUN_ÇATALKAYA_mahalle_siniri.kml,26.620240012706756,38.49317898556357
KARABURUN,MAHALLE,İNECİK,KARABURUN_İNECİK_mahalle_siniri.kml,26.56718006672019,38.55378017628745
KARABURUN,MAHALLE,İSKELE,KARABURUN_İSKELE_mahalle_siniri.kml,26.515547662583632,38.64488004825738
KARŞIYAKA,MAHALLE,AKSOY,KARŞIYAKA_AKSOY_mahalle_siniri.kml,27.109050643052946,38.45404604897636
KARŞIYAKA,MAHALLE,ALAYBEY,KARŞIYAKA_ALAYBEY_mahalle_siniri.kml,27.123026817104666,38.45911395068844
KARŞIYAKA,MAHALLE,BAHARİYE,KARŞIYAKA_BAHARİYE_mahalle_siniri.kml,27.11721344216853,38.4605448049419
KARŞIYAKA,MAHALLE,BOSTANLI,KARŞIYAKA_BOSTANLI_mahalle_siniri.kml,27.100610458656465,38.45828480704021
KARŞIYAKA,MAHALLE,CUMHURİYET,KARŞIYAKA_CUMHURİYET_mahalle_siniri.kml,27.090576118508757,38.482428288074395
KARŞIYAKA,MAHALLE,DEDEBAŞI,KARŞIYAKA_DEDEBAŞI_mahalle_siniri.kml,27.104391069705276,38.46928848013651
KARŞIYAKA,MAHALLE,DONANMACI,KARŞIYAKA_DONANMACI_mahalle_siniri.kml,27.114707323905446,38.454356734323724
KARŞIYAKA,İLÇE,KARŞIYAKA,KARŞIYAKA_ilce_siniri.kml,27.11528829486353,38.50038451589179
KARŞIYAKA,MAHALLE,LATİFE HANIM,KARŞIYAKA_LATİFE_HANIM_mahalle_siniri.kml,27.124532205898298,38.50545365130423
KARŞIYAKA,MAHALLE,NERGİZ,KARŞIYAKA_NERGİZ_mahalle_siniri.kml,27.105601360901954,38.45995973220041
KARŞIYAKA,MAHALLE,OSMANZADE,KARŞIYAKA_OSMANZADE_mahalle_siniri.kml,27.109243194590682,38.457486358623775
KARŞIYAKA,MAHALLE,SANCAKLI,KARŞIYAKA_SANCAKLI_mahalle_siniri.kml,27.15287199210094,38.51871127732406
KARŞIYAKA,MAHALLE,SOĞUKKUYU,KARŞIYAKA_SOĞUKKUYU_mahalle_siniri.kml,27.11678069483423,38.46521909315041
KARŞIYAKA,MAHALLE,TERSANE,KARŞIYAKA_TERSANE_mahalle_siniri.kml,27.127691140256825,38.46173984923534
KARŞIYAKA,MAHALLE,TUNA,KARŞIYAKA_TUNA_mahalle_siniri.kml,27.120415057607993,38.45719294538889
KARŞIYAKA,MAHALLE,YAMANLAR,KARŞIYAKA_YAMANLAR_mahalle_siniri.kml,27.12531886027595,38.53493925406764
KARŞIYAKA,MAHALLE,ZÜBEYDE HANIM,KARŞIYAKA_ZÜBEYDE_HANIM_mahalle_siniri.kml,27.114465448597834,38.50397470957675
KARŞIYAKA,MAHALLE,ÖRNEKKÖY,KARŞIYAKA_ÖRNEKKÖY_mahalle_siniri.kml,27.112603311676423,38.486547616843
KARŞIYAKA,MAHALLE,İMBATLI,KARŞIYAKA_İMBATLI_mahalle_siniri.kml,27.107840933429962,38.47842513427884
KARŞIYAKA,MAHALLE,ŞEMİKLER,KARŞIYAKA_ŞEMİKLER_mahalle_siniri.kml,27.09300065021562,38.4843969638011
KEMALPAŞA,MAHALLE,KAMBERLER,KEMALPAŞA_KAMBERLER_mahalle_siniri.kml,27.578970143737756,38.348644903839975
KEMALPAŞA,MAHALLE,ULUCAK İSTİKLAL,KEMALPAŞA_ULUCAK_İSTİKLAL_mahalle_siniri.kml,27.37301496765447,38.47940018018496
KEMALPAŞA,MAHALLE,VİŞNELİ,KEMALPAŞA_VİŞNELİ_mahalle_siniri.kml,27.388593406152356,38.35129580505577
KEMALPAŞA,MAHALLE,YENMİŞ,KEMALPAŞA_YENMİŞ_mahalle_siniri.kml,27.43558232194051,38.49006578912071
KEMALPAŞA,MAHALLE,YENİKURUDERE,KEMALPAŞA_YENİKURUDERE_mahalle_siniri.kml,27.60958342022483,38.33476076369967
KEMALPAŞA,MAHALLE,YEŞİLKÖY,KEMALPAŞA_YEŞİLKÖY_mahalle_siniri.kml,27.449536649239278,38.3092489664901
KEMALPAŞA,MAHALLE,YEŞİLYURT,KEMALPAŞA_YEŞİLYURT_mahalle_siniri.kml,27.674106547463165,38.42533868531238
KEMALPAŞA,MAHALLE,YUKARIMAHALLE,KEMALPAŞA_YUKARIMAHALLE_mahalle_siniri.kml,27.422021048728347,38.45015042612269
KEMALPAŞA,MAHALLE,YUKARI KIZILCA MERKEZ,KEMALPAŞA_YUKARI_KIZILCA_MERKEZ_mahalle_siniri.kml,27.485820878072623,38.388242986202144
KEMALPAŞA,MAHALLE,YİĞİTLER,KEMALPAŞA_YİĞİTLER_mahalle_siniri.kml,27.609463180639267,38.39730637942581
KEMALPAŞA,MAHALLE,ZEAMET,KEMALPAŞA_ZEAMET_mahalle_siniri.kml,27.695812968214184,38.40680745780799
KEMALPAŞA,MAHALLE,ÇAMBEL,KEMALPAŞA_ÇAMBEL_mahalle_siniri.kml,27.51751806954709,38.46284008222962
KEMALPAŞA,MAHALLE,ÇINAR,KEMALPAŞA_ÇINAR_mahalle_siniri.kml,27.383791348666655,38.41142552579008
KEMALPAŞA,MAHALLE,ÇİNİLİKÖY,KEMALPAŞA_ÇİNİLİKÖY_mahalle_siniri.kml,27.443265699673177,38.398248960624834
KEMALPAŞA,MAHALLE,ÖREN 75 YIL CUMHURİYET,KEMALPAŞA_ÖREN_75_YIL_CUMHURİYET_mahalle_siniri.kml,27.58073333326663,38.41868835002682
KEMALPAŞA,MAHALLE,ÖREN EGEMEN,KEMALPAŞA_ÖREN_EGEMEN_mahalle_siniri.kml,27.60020223726018,38.41103621842893
KEMALPAŞA,MAHALLE,ÖREN,KEMALPAŞA_ÖREN_mahalle_siniri.kml,27.60103659127909,38.41129516522362
KEMALPAŞA,MAHALLE,ÖRNEKKÖY,KEMALPAŞA_ÖRNEKKÖY_mahalle_siniri.kml,27.47333480000471,38.42709619944255
KEMALPAŞA,MAHALLE,AKALAN,KEMALPAŞA_AKALAN_mahalle_siniri.kml,27.487862671571225,38.4688495874993
KEMALPAŞA,MAHALLE,ANSIZCA,KEMALPAŞA_ANSIZCA_mahalle_siniri.kml,27.413949719418863,38.491670798449036
KEMALPAŞA,MAHALLE,ARMUTLU 85 YIL CUMHURİYET,KEMALPAŞA_ARMUTLU_85_YIL_CUMHURİYET_mahalle_siniri.kml,27.53484609282875,38.42995072865954
KEMALPAŞA,MAHALLE,ARMUTLU HÜRRİYET,KEMALPAŞA_ARMUTLU_HÜRRİYET_mahalle_siniri.kml,27.549544702402336,38.417990524067704
KEMALPAŞA,MAHALLE,ARMUTLU,KEMALPAŞA_ARMUTLU_mahalle_siniri.kml,27.544795658927534,38.39314247397712
KEMALPAŞA,MAHALLE,ATATÜRK,KEMALPAŞA_ATATÜRK_mahalle_siniri.kml,27.406799236167103,38.41631918776102
KEMALPAŞA,MAHALLE,AŞAĞIMAHALLE,KEMALPAŞA_AŞAĞIMAHALLE_mahalle_siniri.kml,27.458935919125985,38.448001747426474
KEMALPAŞA,MAHALLE,AŞAĞI KIZILCA,KEMALPAŞA_AŞAĞI_KIZILCA_mahalle_siniri.kml,27.5170140069864,38.40519013282657
KEMALPAŞA,MAHALLE,AŞAĞI YENMİŞ,KEMALPAŞA_AŞAĞI_YENMİŞ_mahalle_siniri.kml,27.431994880203945,38.46301488130176
KEMALPAŞA,MAHALLE,BAYRAMLI,KEMALPAŞA_BAYRAMLI_mahalle_siniri.kml,27.53036243810299,38.33183651196001
KEMALPAŞA,MAHALLE,BAĞYURDU 29 EKİM,KEMALPAŞA_BAĞYURDU_29_EKİM_mahalle_siniri.kml,27.644802342016238,38.41106148127887
KEMALPAŞA,MAHALLE,BAĞYURDU KAZIMPAŞA,KEMALPAŞA_BAĞYURDU_KAZIMPAŞA_mahalle_siniri.kml,27.640791151347866,38.376938942178995
KEMALPAŞA,MAHALLE,BAĞYURDU KEMAL ATATÜRK,KEMALPAŞA_BAĞYURDU_KEMAL_ATATÜRK_mahalle_siniri.kml,27.620365457622484,38.414949259431744
KEMALPAŞA,MAHALLE,BAĞYURDU,KEMALPAŞA_BAĞYURDU_mahalle_siniri.kml,27.626919421288648,38.431772891691956
KEMALPAŞA,MAHALLE,BAĞYURDU YENİ,KEMALPAŞA_BAĞYURDU_YENİ_mahalle_siniri.kml,27.621255142960262,38.45109547604894
KEMALPAŞA,MAHALLE,BEŞPINAR,KEMALPAŞA_BEŞPINAR_mahalle_siniri.kml,27.45023467252744,38.52732016925035
KEMALPAŞA,MAHALLE,CUMALI,KEMALPAŞA_CUMALI_mahalle_siniri.kml,27.480669842575484,38.3144018628765
KEMALPAŞA,MAHALLE,DAMLACIK,KEMALPAŞA_DAMLACIK_mahalle_siniri.kml,27.382691857265844,38.52575232451323
KEMALPAŞA,MAHALLE,DEREKÖY,KEMALPAŞA_DEREKÖY_mahalle_siniri.kml,27.459322350267175,38.345012692677955
KEMALPAŞA,MAHALLE,GÖKYAKA,KEMALPAŞA_GÖKYAKA_mahalle_siniri.kml,27.458607561064255,38.32832974495869
KEMALPAŞA,MAHALLE,GÖKÇEYURT,KEMALPAŞA_GÖKÇEYURT_mahalle_siniri.kml,27.685101343497106,38.43649433778842
KEMALPAŞA,MAHALLE,HALİLBEYLİ,KEMALPAŞA_HALİLBEYLİ_mahalle_siniri.kml,27.650340340214537,38.46407987778828
KEMALPAŞA,MAHALLE,HAMZABABA,KEMALPAŞA_HAMZABABA_mahalle_siniri.kml,27.707415656524685,38.390762837703086
KEMALPAŞA,İLÇE,KEMALPAŞA,KEMALPAŞA_ilce_siniri.kml,27.501991214914895,38.417327246888966
KEMALPAŞA,MAHALLE,KIZILÜZÜM,KEMALPAŞA_KIZILÜZÜM_mahalle_siniri.kml,27.35925302230445,38.423892683290994
KEMALPAŞA,MAHALLE,KUYUCAK,KEMALPAŞA_KUYUCAK_mahalle_siniri.kml,27.403413330965257,38.50895328493242
KEMALPAŞA,MAHALLE,MEHMET AKİF ERSOY,KEMALPAŞA_MEHMET_AKİF_ERSOY_mahalle_siniri.kml,27.447874006480905,38.43783196131851
KEMALPAŞA,MAHALLE,NAZARKÖY,KEMALPAŞA_NAZARKÖY_mahalle_siniri.kml,27.43930335862489,38.37992304500233
KEMALPAŞA,MAHALLE,OVACIK,KEMALPAŞA_OVACIK_mahalle_siniri.kml,27.680267635018794,38.357025834042965
KEMALPAŞA,MAHALLE,SARILAR,KEMALPAŞA_SARILAR_mahalle_siniri.kml,27.656850156493164,38.40363325322755
KEMALPAŞA,MAHALLE,SARIÇALI,KEMALPAŞA_SARIÇALI_mahalle_siniri.kml,27.69501742615539,38.442375227475154
KEMALPAŞA,MAHALLE,SEKİZ EYLÜL,KEMALPAŞA_SEKİZ_EYLÜL_mahalle_siniri.kml,27.413654511468216,38.439672877394
KEMALPAŞA,MAHALLE,SOĞUKPINAR,KEMALPAŞA_SOĞUKPINAR_mahalle_siniri.kml,27.432243397411355,38.40939100858805
KEMALPAŞA,MAHALLE,SÜTÇÜLER,KEMALPAŞA_SÜTÇÜLER_mahalle_siniri.kml,27.463038090313592,38.48156355713371
KEMALPAŞA,MAHALLE,SİNANCILAR,KEMALPAŞA_SİNANCILAR_mahalle_siniri.kml,27.671233140585066,38.407953857224285
KEMALPAŞA,MAHALLE,ULUCAK CUMHURİYET,KEMALPAŞA_ULUCAK_CUMHURİYET_mahalle_siniri.kml,27.35973793805277,38.47415901817689
KEMALPAŞA,MAHALLE,ULUCAK,KEMALPAŞA_ULUCAK_mahalle_siniri.kml,27.36092708207104,38.46083591854973
KEMALPAŞA,MAHALLE,ULUCAK MUSTAFA KEMAL ATATÜRK,KEMALPAŞA_ULUCAK_MUSTAFA_KEMAL_ATATÜRK_mahalle_siniri.kml,27.3416983941817,38.48096723009461
KINIK,MAHALLE,IŞIKLAR,KINIK_IŞIKLAR_mahalle_siniri.kml,27.32659726510842,39.07182791573335
KINIK,MAHALLE,KALEMKÖY,KINIK_KALEMKÖY_mahalle_siniri.kml,27.495920191119158,39.05814584969678
KINIK,MAHALLE,KARADERE,KINIK_KARADERE_mahalle_siniri.kml,27.43160792214365,38.95159061123276
KINIK,MAHALLE,KARATEKELİ,KINIK_KARATEKELİ_mahalle_siniri.kml,27.30059719116402,39.057832137027546
KINIK,MAHALLE,KOCAÖMERLİ,KINIK_KOCAÖMERLİ_mahalle_siniri.kml,27.425619232943177,39.08918565277653
KINIK,MAHALLE,KODUKBURUN,KINIK_KODUKBURUN_mahalle_siniri.kml,27.340755503246456,39.03853874952073
KINIK,MAHALLE,KÖSELER,KINIK_KÖSELER_mahalle_siniri.kml,27.37025380264904,39.00641427737001
KINIK,MAHALLE,MUSACALI,KINIK_MUSACALI_mahalle_siniri.kml,27.23945097654843,39.03914841621112
KINIK,MAHALLE,MUSTAKLAR,KINIK_MUSTAKLAR_mahalle_siniri.kml,27.389591814162657,39.0384306648618
KINIK,MAHALLE,OSMANİYE,KINIK_OSMANİYE_mahalle_siniri.kml,27.377837389323147,39.10238869841742
KINIK,MAHALLE,POYRACIK,KINIK_POYRACIK_mahalle_siniri.kml,27.342767141123808,39.10363048087693
KINIK,MAHALLE,SUCAHLI,KINIK_SUCAHLI_mahalle_siniri.kml,27.279096362344593,39.08036338624313
KINIK,MAHALLE,TAŞTEPE,KINIK_TAŞTEPE_mahalle_siniri.kml,27.470601090008486,39.10359998914919
KINIK,MAHALLE,TÜRKCEDİT,KINIK_TÜRKCEDİT_mahalle_siniri.kml,27.398485828635717,39.08332018198347
KINIK,MAHALLE,YAYAKENT,KINIK_YAYAKENT_mahalle_siniri.kml,27.279776955339667,39.11055622455849
KINIK,MAHALLE,YAYLAKÖY,KINIK_YAYLAKÖY_mahalle_siniri.kml,27.524607984808696,39.038236366083964
KINIK,MAHALLE,YENİ,KINIK_YENİ_mahalle_siniri.kml,27.391756146820285,39.12629473611048
KINIK,MAHALLE,YUKARI,KINIK_YUKARI_mahalle_siniri.kml,27.385921371167154,39.081483716743854
KINIK,MAHALLE,ÇANKÖY,KINIK_ÇANKÖY_mahalle_siniri.kml,27.429726483119957,39.02003736395113
KINIK,MAHALLE,ÇİFTLİKKÖY,KINIK_ÇİFTLİKKÖY_mahalle_siniri.kml,27.2880576922504,39.032733116856996
KINIK,MAHALLE,ÖRTÜLÜ,KINIK_ÖRTÜLÜ_mahalle_siniri.kml,27.356468511677523,38.96868116031039
KINIK,MAHALLE,İBRAHİMAĞA,KINIK_İBRAHİMAĞA_mahalle_siniri.kml,27.256066458778452,39.01255489711537
KINIK,MAHALLE,ARPADERE,KINIK_ARPADERE_mahalle_siniri.kml,27.440659625441164,38.992914707398
KINIK,MAHALLE,ARPASEKİ,KINIK_ARPASEKİ_mahalle_siniri.kml,27.492773302196973,39.090575387067005
KINIK,MAHALLE,AZİZİYE,KINIK_AZİZİYE_mahalle_siniri.kml,27.488861676928725,39.11346174690502
KINIK,MAHALLE,AŞAĞI,KINIK_AŞAĞI_mahalle_siniri.kml,27.381205463659445,39.083053200384136
KINIK,MAHALLE,BADEMALANI,KINIK_BADEMALANI_mahalle_siniri.kml,27.3048194734007,38.993637137296346
KINIK,MAHALLE,BALABAN,KINIK_BALABAN_mahalle_siniri.kml,27.262667469304006,39.06541339459897
KINIK,MAHALLE,BAĞALAN,KINIK_BAĞALAN_mahalle_siniri.kml,27.42769489556658,39.05596474590902
KINIK,MAHALLE,BÜYÜKOBA,KINIK_BÜYÜKOBA_mahalle_siniri.kml,27.46505439865908,39.039644535687685
KINIK,MAHALLE,CUMALI,KINIK_CUMALI_mahalle_siniri.kml,27.464319162827373,39.13950261679721
KINIK,MAHALLE,DEĞİRMENCİELİ,KINIK_DEĞİRMENCİELİ_mahalle_siniri.kml,27.45302498138172,39.08166132821164
KINIK,MAHALLE,DÜNDARLI,KINIK_DÜNDARLI_mahalle_siniri.kml,27.29718816478293,39.110129484862206
KINIK,MAHALLE,ELMADERE,KINIK_ELMADERE_mahalle_siniri.kml,27.490102961937485,39.026732018009575
KINIK,MAHALLE,FATİH,KINIK_FATİH_mahalle_siniri.kml,27.40659473723332,39.12304735064637
KINIK,MAHALLE,HAMZAHOCALI,KINIK_HAMZAHOCALI_mahalle_siniri.kml,27.45079071762735,39.119886916945795
KINIK,İLÇE,KINIK,KINIK_ilce_siniri.kml,27.384540792599537,39.047648205815015
KONAK,MAHALLE,SARIHAFIZ,KONAK_SARIHAFIZ_mahalle_siniri.kml,27.132364590869056,38.415023100338466
KONAK,MAHALLE,SELİMİYE,KONAK_SELİMİYE_mahalle_siniri.kml,27.124671059686104,38.41358526705233
KONAK,MAHALLE,SUVARİ,KONAK_SUVARİ_mahalle_siniri.kml,27.139287202053467,38.41553161824555
KONAK,MAHALLE,TEMAŞALIK,KONAK_TEMAŞALIK_mahalle_siniri.kml,27.144484089691407,38.41755366637339
KONAK,MAHALLE,TEPECİK,KONAK_TEPECİK_mahalle_siniri.kml,27.159684006306506,38.425854083638114
KONAK,MAHALLE,TORAMAN,KONAK_TORAMAN_mahalle_siniri.kml,27.136495080877516,38.41549893115122
KONAK,MAHALLE,TUZCU,KONAK_TUZCU_mahalle_siniri.kml,27.135148025931088,38.41374427428641
KONAK,MAHALLE,UMURBEY,KONAK_UMURBEY_mahalle_siniri.kml,27.154726636372484,38.438076857344385
KONAK,MAHALLE,ÇORAKKAPI,KONAK_ÇORAKKAPI_mahalle_siniri.kml,27.145593605075483,38.42273214203969
KONAK,MAHALLE,ÜÇKUYULAR,KONAK_ÜÇKUYULAR_mahalle_siniri.kml,27.075137545487518,38.39806350419309
KONAK,MAHALLE,İMARİYE,KONAK_İMARİYE_mahalle_siniri.kml,27.147737101781438,38.41191417535018
KONAK,MAHALLE,İSMETKAPTAN,KONAK_İSMETKAPTAN_mahalle_siniri.kml,27.139100040793483,38.42575595801915
KONAK,MAHALLE,İSMETPAŞA,KONAK_İSMETPAŞA_mahalle_siniri.kml,27.137396571337067,38.41703193919712
KONAK,MAHALLE,İSTİKLAL,KONAK_İSTİKLAL_mahalle_siniri.kml,27.138183480610845,38.41881904615102
KONAK,MAHALLE,ŞEYH,KONAK_ŞEYH_mahalle_siniri.kml,27.143331604971518,38.41975075890494
KONAK,MAHALLE,GÜRÇEŞME,KONAK_GÜRÇEŞME_mahalle_siniri.kml,27.15661182754688,38.40750412257898
KONAK,MAHALLE,GÜZELYALI,KONAK_GÜZELYALI_mahalle_siniri.kml,27.084457555626297,38.39597579381908
KONAK,MAHALLE,GÜZELYURT,KONAK_GÜZELYURT_mahalle_siniri.kml,27.135862611490356,38.4191640396945
KONAK,MAHALLE,HACIMAHMUT,KONAK_HACIMAHMUT_mahalle_siniri.kml,27.130407683000183,38.41693595057598
KONAK,MAHALLE,HACIMEHMET,KONAK_HACIMEHMET_mahalle_siniri.kml,27.13319222584471,38.41408055171798
KONAK,MAHALLE,HACIİBRAHİM,KONAK_HACIİBRAHİM_mahalle_siniri.kml,27.132460201107207,38.41386335104036
KONAK,MAHALLE,HALKAPINAR,KONAK_HALKAPINAR_mahalle_siniri.kml,27.16612862320937,38.431248733574144
KONAK,MAHALLE,HASANHOCA,KONAK_HASANHOCA_mahalle_siniri.kml,27.133370067854457,38.42196808428834
KONAK,MAHALLE,HATUNİYE,KONAK_HATUNİYE_mahalle_siniri.kml,27.13897691652447,38.41988263800914
KONAK,MAHALLE,HURŞİDİYE,KONAK_HURŞİDİYE_mahalle_siniri.kml,27.139639601420562,38.42073851987121
KONAK,İLÇE,KONAK,KONAK_ilce_siniri.kml,27.147521329129233,38.41825648441158
KONAK,MAHALLE,KAHRAMANLAR,KONAK_KAHRAMANLAR_mahalle_siniri.kml,27.150539352980584,38.428297542969354
KONAK,MAHALLE,KAHRAMAN,KONAK_KAHRAMAN_mahalle_siniri.kml,27.133346797829883,38.415418019518874
KONAK,MAHALLE,KASAPHIZIR,KONAK_KASAPHIZIR_mahalle_siniri.kml,27.137354072717052,38.42159143885352
KONAK,MAHALLE,KESTELLİ,KONAK_KESTELLİ_mahalle_siniri.kml,27.134480990500887,38.417217208818094
KONAK,MAHALLE,KILCIMESCİT,KONAK_KILCIMESCİT_mahalle_siniri.kml,27.129215503375082,38.41422786654052
KONAK,MAHALLE,KOCAKAPI,KONAK_KOCAKAPI_mahalle_siniri.kml,27.15301497438672,38.417111258269934
KONAK,MAHALLE,1 KARANTİNA,KONAK_1_KARANTİNA_mahalle_siniri.kml,27.106575885397366,38.40658304127232
KONAK,MAHALLE,1 KARATAŞ,KONAK_1_KARATAŞ_mahalle_siniri.kml,27.122816023218515,38.40985367840103
KONAK,MAHALLE,1 SULTANİYE,KONAK_1_SULTANİYE_mahalle_siniri.kml,27.13068917182523,38.409186267193704
KONAK,MAHALLE,1 SÜLEYMANİYE,KONAK_1_SÜLEYMANİYE_mahalle_siniri.kml,27.125547877706076,38.405959412087626
KONAK,MAHALLE,2 AZİZİYE,KONAK_2_AZİZİYE_mahalle_siniri.kml,27.137492525251524,38.403392149940316
KONAK,MAHALLE,2 KARANTİNA,KONAK_2_KARANTİNA_mahalle_siniri.kml,27.110718901479117,38.403855605384216
KONAK,MAHALLE,2 KARATAŞ,KONAK_2_KARATAŞ_mahalle_siniri.kml,27.11815367739582,38.40909563623032
KONAK,MAHALLE,2 SULTANİYE,KONAK_2_SULTANİYE_mahalle_siniri.kml,27.129543254027276,38.40735390984409
KONAK,MAHALLE,2 SÜLEYMANİYE,KONAK_2_SÜLEYMANİYE_mahalle_siniri.kml,27.125775972856783,38.40672228080774
KONAK,MAHALLE,3 KARATAŞ,KONAK_3_KARATAŞ_mahalle_siniri.kml,27.118555798959523,38.40670008885512
KONAK,MAHALLE,3 SULTANİYE,KONAK_3_SULTANİYE_mahalle_siniri.kml,27.133925156392753,38.408194882953616
KONAK,MAHALLE,4 SULTANİYE,KONAK_4_SULTANİYE_mahalle_siniri.kml,27.132489316262706,38.40632191235055
KONAK,MAHALLE,ABDULLAHEFENDİ,KONAK_ABDULLAHEFENDİ_mahalle_siniri.kml,27.14727372383423,38.42105237314611
KONAK,MAHALLE,AHMETAĞA,KONAK_AHMETAĞA_mahalle_siniri.kml,27.13026290652773,38.41905102160587
KONAK,MAHALLE,AKDENİZ,KONAK_AKDENİZ_mahalle_siniri.kml,27.13431930030166,38.42513454099343
KONAK,MAHALLE,AKÇLIMESCİT,KONAK_AKÇLIMESCİT_mahalle_siniri.kml,27.130411872435104,38.412813636419315
KONAK,MAHALLE,ALSANCAK,KONAK_ALSANCAK_mahalle_siniri.kml,27.14621723389344,38.43708297277641
KONAK,MAHALLE,ALİAĞA,KONAK_ALİAĞA_mahalle_siniri.kml,27.130869143678503,38.41490299842434
KONAK,MAHALLE,KÖPRÜ,KONAK_KÖPRÜ_mahalle_siniri.kml,27.100827928690833,38.40373247227623
KONAK,MAHALLE,KÜLTÜR,KONAK_KÜLTÜR_mahalle_siniri.kml,27.143665026651483,38.429701093530866
KONAK,MAHALLE,MAHMUDİYE,KONAK_MAHMUDİYE_mahalle_siniri.kml,27.126588184527538,38.41057945536753
KONAK,MAHALLE,MECİDİYE,KONAK_MECİDİYE_mahalle_siniri.kml,27.126370090618234,38.41184209193642
KONAK,MAHALLE,MECİDİYE  KARATAŞ ,KONAK_MECİDİYE__KARATAŞ__mahalle_siniri.kml,27.12460567104322,38.411684002476456
KONAK,MAHALLE,MEMDUHİYE,KONAK_MEMDUHİYE_mahalle_siniri.kml,27.139956806832974,38.41397883973761
KONAK,MAHALLE,MERSİNLİ,KONAK_MERSİNLİ_mahalle_siniri.kml,27.17543008580877,38.437361697572186
KONAK,MAHALLE,MİRALİ,KONAK_MİRALİ_mahalle_siniri.kml,27.147214926558657,38.41904532626511
KONAK,MAHALLE,NATIRZADE,KONAK_NATIRZADE_mahalle_siniri.kml,27.134187342112735,38.41545579887844
KONAK,MAHALLE,ODUNKAPI,KONAK_ODUNKAPI_mahalle_siniri.kml,27.130737254166398,38.41422847336741
KONAK,MAHALLE,ORHANİYE,KONAK_ORHANİYE_mahalle_siniri.kml,27.132352227222487,38.41080114048989
KONAK,MAHALLE,OĞUZLAR,KONAK_OĞUZLAR_mahalle_siniri.kml,27.14979059515071,38.423363718449586
KONAK,MAHALLE,PAZARYERİ,KONAK_PAZARYERİ_mahalle_siniri.kml,27.141532498135994,38.419036437947234
KONAK,MAHALLE,ALİREİS,KONAK_ALİREİS_mahalle_siniri.kml,27.141746179276552,38.416838596611605
KONAK,MAHALLE,GÜNEŞ,KONAK_GÜNEŞ_mahalle_siniri.kml,27.135044782299428,38.417864148663305
KONAK,MAHALLE,KURUÇAY,KONAK_KURUÇAY_mahalle_siniri.kml,27.153930157735328,38.43150848187068
KONAK,MAHALLE,SALHANE,KONAK_SALHANE_mahalle_siniri.kml,27.11305003434146,38.407605543704
KONAK,MAHALLE,BALLIKUYU,KONAK_BALLIKUYU_mahalle_siniri.kml,27.14880915335424,38.41648974716041
KONAK,MAHALLE,CEDİT,KONAK_CEDİT_mahalle_siniri.kml,27.139377326891797,38.417445571152435
KONAK,MAHALLE,DAYIEMİR,KONAK_DAYIEMİR_mahalle_siniri.kml,27.13515180493333,38.41269371563987
KONAK,MAHALLE,DOLAPLIKUYU,KONAK_DOLAPLIKUYU_mahalle_siniri.kml,27.136617823785983,38.412494816421116
KONAK,MAHALLE,ESNAFŞEYH,KONAK_ESNAFŞEYH_mahalle_siniri.kml,27.1330077030377,38.41661134989303
KONAK,MAHALLE,FATİH,KONAK_FATİH_mahalle_siniri.kml,27.12809479783817,38.41194633056154
KONAK,MAHALLE,FAİKPAŞA,KONAK_FAİKPAŞA_mahalle_siniri.kml,27.145481056985385,38.42013302091126
KONAK,MAHALLE,FETTAH,KONAK_FETTAH_mahalle_siniri.kml,27.142045927283558,38.4214586127897
KONAK,MAHALLE,FEVZİPAŞA,KONAK_FEVZİPAŞA_mahalle_siniri.kml,27.130666221225432,38.41602330423336
KONAK,MAHALLE,GÖZTEPE,KONAK_GÖZTEPE_mahalle_siniri.kml,27.093332819784916,38.3991708471416
KONAK,MAHALLE,GÜLTEPE,KONAK_GÜLTEPE_mahalle_siniri.kml,27.17746442358545,38.41200799891656
KONAK,MAHALLE,GÜNEY,KONAK_GÜNEY_mahalle_siniri.kml,27.16679976399691,38.41870265008322
KONAK,MAHALLE,GÜNEŞLİ,KONAK_GÜNEŞLİ_mahalle_siniri.kml,27.1285909728774,38.401191564534955
KİRAZ,MAHALLE,YENİKÖY,KİRAZ_YENİKÖY_mahalle_siniri.kml,28.258008221641717,38.18588191226851
KİRAZ,MAHALLE,YENİMAHALLE,KİRAZ_YENİMAHALLE_mahalle_siniri.kml,28.20184870865022,38.22260949301757
KİRAZ,MAHALLE,YENİŞEHİR,KİRAZ_YENİŞEHİR_mahalle_siniri.kml,28.239899692700725,38.16716767913123
KİRAZ,MAHALLE,YEŞİLDERE,KİRAZ_YEŞİLDERE_mahalle_siniri.kml,28.149624382434997,38.27004214258876
KİRAZ,MAHALLE,ÇANAKÇI,KİRAZ_ÇANAKÇI_mahalle_siniri.kml,28.25470199625585,38.26554195188189
KİRAZ,MAHALLE,ÇATAK,KİRAZ_ÇATAK_mahalle_siniri.kml,28.176096604665847,38.321326720008614
KİRAZ,MAHALLE,ÇAYAĞZI,KİRAZ_ÇAYAĞZI_mahalle_siniri.kml,28.327834337722194,38.236288378740575
KİRAZ,MAHALLE,ÇÖMLEKÇİ,KİRAZ_ÇÖMLEKÇİ_mahalle_siniri.kml,28.262867074260924,38.23265729520965
KİRAZ,MAHALLE,ÖRENCİK,KİRAZ_ÖRENCİK_mahalle_siniri.kml,28.38723883811606,38.13293558290573
KİRAZ,MAHALLE,ÖREN,KİRAZ_ÖREN_mahalle_siniri.kml,28.412113414232927,38.24125076826313
KİRAZ,MAHALLE,İSTİKLAL,KİRAZ_İSTİKLAL_mahalle_siniri.kml,28.20926854482161,38.23520663065009
KİRAZ,MAHALLE,İĞDELİ,KİRAZ_İĞDELİ_mahalle_siniri.kml,28.386570550096998,38.19825343749365
KİRAZ,MAHALLE,ŞEMSİLER,KİRAZ_ŞEMSİLER_mahalle_siniri.kml,28.225255394275887,38.21399621565922
KİRAZ,MAHALLE,GEDİK,KİRAZ_GEDİK_mahalle_siniri.kml,28.148671627317636,38.239269214183935
KİRAZ,MAHALLE,HALİLLER,KİRAZ_HALİLLER_mahalle_siniri.kml,28.28459699948801,38.17568726383798
KİRAZ,MAHALLE,HİSAR,KİRAZ_HİSAR_mahalle_siniri.kml,28.178706842870927,38.23751154800137
KİRAZ,İLÇE,KİRAZ,KİRAZ_ilce_siniri.kml,28.29736109893075,38.22631230838096
KİRAZ,MAHALLE,KALEKÖY,KİRAZ_KALEKÖY_mahalle_siniri.kml,28.29125347078429,38.20053869610713
KİRAZ,MAHALLE,KARABAĞ,KİRAZ_KARABAĞ_mahalle_siniri.kml,28.172014340614854,38.24912289841636
KİRAZ,MAHALLE,KARABULU,KİRAZ_KARABULU_mahalle_siniri.kml,28.415097477609947,38.133331967090164
KİRAZ,MAHALLE,KARABURÇ,KİRAZ_KARABURÇ_mahalle_siniri.kml,28.2939982166127,38.23672425219967
KİRAZ,MAHALLE,KARAMAN,KİRAZ_KARAMAN_mahalle_siniri.kml,28.20652163146785,38.16083503073291
KİRAZ,MAHALLE,KIRKÖY,KİRAZ_KIRKÖY_mahalle_siniri.kml,28.180037512095275,38.226423051524826
KİRAZ,MAHALLE,KİBAR,KİRAZ_KİBAR_mahalle_siniri.kml,28.411490874585184,38.212830710920024
KİRAZ,MAHALLE,MAVİDERE,KİRAZ_MAVİDERE_mahalle_siniri.kml,28.340751432200673,38.13804782116247
KİRAZ,MAHALLE,MERSİNLİDERE,KİRAZ_MERSİNLİDERE_mahalle_siniri.kml,28.305456839737804,38.15084785342225
KİRAZ,MAHALLE,OLGUNLAR,KİRAZ_OLGUNLAR_mahalle_siniri.kml,28.369625939333062,38.16070851453701
KİRAZ,MAHALLE,OVACIK,KİRAZ_OVACIK_mahalle_siniri.kml,28.256526435002808,38.30446360968708
KİRAZ,MAHALLE,SARIKAYA,KİRAZ_SARIKAYA_mahalle_siniri.kml,28.33963737716262,38.210011105563375
KİRAZ,MAHALLE,SARISU,KİRAZ_SARISU_mahalle_siniri.kml,28.315830917267082,38.29468572588807
KİRAZ,MAHALLE,SAÇLI,KİRAZ_SAÇLI_mahalle_siniri.kml,28.17771717907415,38.26147062008926
KİRAZ,MAHALLE,SIRIMLI,KİRAZ_SIRIMLI_mahalle_siniri.kml,28.325666208304384,38.167166386954705
KİRAZ,MAHALLE,SOLAKLAR,KİRAZ_SOLAKLAR_mahalle_siniri.kml,28.346346314714253,38.19083694244997
KİRAZ,MAHALLE,SULUDERE,KİRAZ_SULUDERE_mahalle_siniri.kml,28.232959187756684,38.24349208605596
KİRAZ,MAHALLE,TAŞLIYATAK,KİRAZ_TAŞLIYATAK_mahalle_siniri.kml,28.421801016980048,38.163946488678526
KİRAZ,MAHALLE,TEKBIÇAKLAR,KİRAZ_TEKBIÇAKLAR_mahalle_siniri.kml,28.317844054589767,38.18757880132833
KİRAZ,MAHALLE,TUMBULLAR,KİRAZ_TUMBULLAR_mahalle_siniri.kml,28.446555372932377,38.1469419218858
KİRAZ,MAHALLE,UMURCALI,KİRAZ_UMURCALI_mahalle_siniri.kml,28.239605864969896,38.19639555173361
KİRAZ,MAHALLE,UMURLU,KİRAZ_UMURLU_mahalle_siniri.kml,28.44765075112982,38.115426509938885
KİRAZ,MAHALLE,UZUNKÖY,KİRAZ_UZUNKÖY_mahalle_siniri.kml,28.244847705800037,38.28372531908801
KİRAZ,MAHALLE,VELİLER,KİRAZ_VELİLER_mahalle_siniri.kml,28.19644758074772,38.25898286393151
KİRAZ,MAHALLE,AHMETLER,KİRAZ_AHMETLER_mahalle_siniri.kml,28.409557267469374,38.10858536405855
KİRAZ,MAHALLE,AKPINAR,KİRAZ_AKPINAR_mahalle_siniri.kml,28.386575162887937,38.23896502343485
KİRAZ,MAHALLE,ALTINOLUK,KİRAZ_ALTINOLUK_mahalle_siniri.kml,28.35905683307103,38.26031044550441
KİRAZ,MAHALLE,ARKACILAR,KİRAZ_ARKACILAR_mahalle_siniri.kml,28.198213956156568,38.208803579151855
KİRAZ,MAHALLE,AVUNDURUK,KİRAZ_AVUNDURUK_mahalle_siniri.kml,28.26901807525564,38.17491308328913
KİRAZ,MAHALLE,AYDOĞDU,KİRAZ_AYDOĞDU_mahalle_siniri.kml,28.249485692783733,38.23811045351318
KİRAZ,MAHALLE,BAHÇEARASI,KİRAZ_BAHÇEARASI_mahalle_siniri.kml,28.438572260276622,38.23470361673696
KİRAZ,MAHALLE,BAŞARAN,KİRAZ_BAŞARAN_mahalle_siniri.kml,28.2875062040073,38.26502647589764
KİRAZ,MAHALLE,CERİTLER,KİRAZ_CERİTLER_mahalle_siniri.kml,28.207111608714158,38.2457727395392
KİRAZ,MAHALLE,CEVİZLİ,KİRAZ_CEVİZLİ_mahalle_siniri.kml,28.470121033706207,38.235068430198
KİRAZ,MAHALLE,CUMHURİYET,KİRAZ_CUMHURİYET_mahalle_siniri.kml,28.216324653841557,38.227015346177765
KİRAZ,MAHALLE,DOKUZLAR,KİRAZ_DOKUZLAR_mahalle_siniri.kml,28.151277780008687,38.32084025774782
KİRAZ,MAHALLE,DOĞANCILAR,KİRAZ_DOĞANCILAR_mahalle_siniri.kml,28.45232327883517,38.20114767723194
KİRAZ,MAHALLE,EMENLER,KİRAZ_EMENLER_mahalle_siniri.kml,28.19443058314898,38.286185294020235
KİRAZ,MAHALLE,PINARBAŞI,KİRAZ_PINARBAŞI_mahalle_siniri.kml,28.215044148831307,38.27964108940772
KİRAZ,MAHALLE,YAĞLAR,KİRAZ_YAĞLAR_mahalle_siniri.kml,28.196939319627525,38.1880502539869
MENDERES,MAHALLE,KARAKUYU,MENDERES_KARAKUYU_mahalle_siniri.kml,27.25879140207737,38.140798675148
MENDERES,MAHALLE,KELER,MENDERES_KELER_mahalle_siniri.kml,27.093396456231197,38.15743794740373
MENDERES,MAHALLE,KISIK,MENDERES_KISIK_mahalle_siniri.kml,27.179232198581488,38.26980266500778
MENDERES,MAHALLE,KUYUCAK,MENDERES_KUYUCAK_mahalle_siniri.kml,26.993216331453667,38.19867558341139
MENDERES,MAHALLE,KÜNER,MENDERES_KÜNER_mahalle_siniri.kml,27.11787393576954,38.20171173825642
MENDERES,MAHALLE,CUMAOVASI ,MENDERES_MENDERES_CUMAOVASI__mahalle_siniri.kml,27.156805727092195,38.23589805875084
MENDERES,MAHALLE,OĞLANANASI,MENDERES_OĞLANANASI_mahalle_siniri.kml,27.215966785905433,38.25112037373224
MENDERES,MAHALLE,SANCAKLI,MENDERES_SANCAKLI_mahalle_siniri.kml,27.16480339059146,38.14294169544703
MENDERES,MAHALLE,TEKELİ,MENDERES_TEKELİ_mahalle_siniri.kml,27.192768837992773,38.19099780777917
MENDERES,MAHALLE,YENİKÖY,MENDERES_YENİKÖY_mahalle_siniri.kml,27.02999369635532,38.22192634203542
MENDERES,MAHALLE,ÇAKALLAR,MENDERES_ÇAKALLAR_mahalle_siniri.kml,27.110675694579943,38.263496375234894
MENDERES,MAHALLE,ÇAKALTEPE,MENDERES_ÇAKALTEPE_mahalle_siniri.kml,27.226591300045254,38.08770073014191
MENDERES,MAHALLE,ÇAMÖNÜ,MENDERES_ÇAMÖNÜ_mahalle_siniri.kml,27.17432880792543,38.110102915208735
MENDERES,MAHALLE,ÇATALCA,MENDERES_ÇATALCA_mahalle_siniri.kml,27.04099683392214,38.27910659057487
MENDERES,MAHALLE,ÇİLEME,MENDERES_ÇİLEME_mahalle_siniri.kml,27.20512852611809,38.147203439925896
MENDERES,MAHALLE,ÇİLE,MENDERES_ÇİLE_mahalle_siniri.kml,27.19520759015603,38.04992960446863
MENDERES,MAHALLE,ÖZDERE,MENDERES_ÖZDERE_mahalle_siniri.kml,27.11658405523985,38.02964482052198
MENDERES,MAHALLE,AHMETBEYLİ,MENDERES_AHMETBEYLİ_mahalle_siniri.kml,27.1961506277653,38.00560798832855
MENDERES,MAHALLE,AKÇAKÖY,MENDERES_AKÇAKÖY_mahalle_siniri.kml,27.095063466501987,38.253222590717925
MENDERES,MAHALLE,ATAKÖY,MENDERES_ATAKÖY_mahalle_siniri.kml,27.185830388041488,38.08774600538206
MENDERES,MAHALLE,BULGURCA KADASTRO,MENDERES_BULGURCA_KADASTRO_mahalle_siniri.kml,27.136898622223164,38.17558017443861
MENDERES,MAHALLE,BULGURCA,MENDERES_BULGURCA_mahalle_siniri.kml,27.138887087191847,38.1673407502407
MENDERES,MAHALLE,BULGURCA TAPULAMA,MENDERES_BULGURCA_TAPULAMA_mahalle_siniri.kml,27.161711943032568,38.15918224707331
MENDERES,MAHALLE,DEREKÖY,MENDERES_DEREKÖY_mahalle_siniri.kml,27.111695114619955,38.23807481002733
MENDERES,MAHALLE,DEVELİ,MENDERES_DEVELİ_mahalle_siniri.kml,27.156178751258505,38.20555423588062
MENDERES,MAHALLE,DEĞİRMENDERE,MENDERES_DEĞİRMENDERE_mahalle_siniri.kml,27.139291825072927,38.12941929391865
MENDERES,MAHALLE,EFEMÇUKURU,MENDERES_EFEMÇUKURU_mahalle_siniri.kml,26.983948219439977,38.27124343919765
MENDERES,MAHALLE,GÖLCÜKLER,MENDERES_GÖLCÜKLER_mahalle_siniri.kml,27.16453104613381,38.25456902664676
MENDERES,MAHALLE,GÖLOVA,MENDERES_GÖLOVA_mahalle_siniri.kml,27.246703765139227,38.040631258705524
MENDERES,MAHALLE,GÖRECE,MENDERES_GÖRECE_mahalle_siniri.kml,27.133743283872995,38.27961610680186
MENDERES,MAHALLE,GÜMÜLDÜR,MENDERES_GÜMÜLDÜR_mahalle_siniri.kml,27.026604255075977,38.07084116747248
MENDERES,İLÇE,MENDERES,MENDERES_ilce_siniri.kml,27.118176092491655,38.175163261146714
MENDERES,MAHALLE,KARACADAĞ,MENDERES_KARACADAĞ_mahalle_siniri.kml,27.122709140425304,38.075153376439154
MENEMEN,MAHALLE,GÖRECE,MENEMEN_GÖRECE_mahalle_siniri.kml,27.18144178290952,38.66190350850334
MENEMEN,MAHALLE,SEYDİNASRULLAH,MENEMEN_SEYDİNASRULLAH_mahalle_siniri.kml,27.06789600851433,38.605538853296395
MENEMEN,MAHALLE,SEYREK,MENEMEN_SEYREK_mahalle_siniri.kml,26.9558666399796,38.58625983952038
MENEMEN,MAHALLE,SÜLEYMANLI,MENEMEN_SÜLEYMANLI_mahalle_siniri.kml,27.187775735339823,38.64265473212108
MENEMEN,MAHALLE,SÜZBEYLİ,MENEMEN_SÜZBEYLİ_mahalle_siniri.kml,26.86828712985629,38.5432225475992
MENEMEN,MAHALLE,TELEKLER,MENEMEN_TELEKLER_mahalle_siniri.kml,27.218876160753236,38.65459373064672
MENEMEN,MAHALLE,TURGUTLAR,MENEMEN_TURGUTLAR_mahalle_siniri.kml,27.16298146171055,38.71611200316846
MENEMEN,MAHALLE,TUZÇULLU,MENEMEN_TUZÇULLU_mahalle_siniri.kml,26.947035438094826,38.54597438744312
MENEMEN,MAHALLE,TÜLBENTLİ,MENEMEN_TÜLBENTLİ_mahalle_siniri.kml,27.0692018635335,38.60741678000014
MENEMEN,MAHALLE,TÜRKELLİ,MENEMEN_TÜRKELLİ_mahalle_siniri.kml,27.003130654202266,38.66921323945838
MENEMEN,MAHALLE,ULUCAK,MENEMEN_ULUCAK_mahalle_siniri.kml,27.02421747581954,38.54597810941145
MENEMEN,MAHALLE,UĞUR MUMCU,MENEMEN_UĞUR_MUMCU_mahalle_siniri.kml,27.085289580559785,38.59294612232072
MENEMEN,MAHALLE,YAHSELLİ,MENEMEN_YAHSELLİ_mahalle_siniri.kml,27.105597604285222,38.60977999752316
MENEMEN,MAHALLE,YANIK,MENEMEN_YANIK_mahalle_siniri.kml,27.068781647743386,38.66637447229927
MENEMEN,MAHALLE,YAYLA,MENEMEN_YAYLA_mahalle_siniri.kml,27.141017187895933,38.596612572613076
MENEMEN,MAHALLE,YEŞİLPINAR,MENEMEN_YEŞİLPINAR_mahalle_siniri.kml,27.114912990959382,38.57604086914965
MENEMEN,MAHALLE,ZAFER,MENEMEN_ZAFER_mahalle_siniri.kml,27.071755709075273,38.60467642834169
MENEMEN,MAHALLE,ZEYTİNLİK,MENEMEN_ZEYTİNLİK_mahalle_siniri.kml,27.07263763962329,38.584224336794435
MENEMEN,MAHALLE,ÇALTI,MENEMEN_ÇALTI_mahalle_siniri.kml,27.22360081078481,38.625914509672455
MENEMEN,MAHALLE,ÇAVUŞ,MENEMEN_ÇAVUŞ_mahalle_siniri.kml,27.033759138287305,38.64379960955494
MENEMEN,MAHALLE,ÇUKUR,MENEMEN_ÇUKUR_mahalle_siniri.kml,27.12302700312655,38.69063997502839
MENEMEN,MAHALLE,İNCİRLİPINAR,MENEMEN_İNCİRLİPINAR_mahalle_siniri.kml,27.08303005352831,38.58084937962033
MENEMEN,MAHALLE,İSMET İNÖNÜ,MENEMEN_İSMET_İNÖNÜ_mahalle_siniri.kml,27.083893231979843,38.592077442718654
MENEMEN,MAHALLE,İĞNEDERE,MENEMEN_İĞNEDERE_mahalle_siniri.kml,27.158256122956164,38.65206725745488
MENEMEN,MAHALLE,GÜNERLİ,MENEMEN_GÜNERLİ_mahalle_siniri.kml,27.009917452692054,38.570969659097656
MENEMEN,MAHALLE,HASANLAR,MENEMEN_HASANLAR_mahalle_siniri.kml,27.14922137444862,38.667290965780545
MENEMEN,MAHALLE,HATUNDERE,MENEMEN_HATUNDERE_mahalle_siniri.kml,27.058826293181593,38.70407936001428
MENEMEN,MAHALLE,HAYKIRAN,MENEMEN_HAYKIRAN_mahalle_siniri.kml,27.1145690337956,38.63474067688731
MENEMEN,İLÇE,MENEMEN,MENEMEN_ilce_siniri.kml,27.037783466227975,38.60651792859856
MENEMEN,MAHALLE,IRMAK,MENEMEN_IRMAK_mahalle_siniri.kml,27.07782271737105,38.590171734086894
MENEMEN,MAHALLE,KARAORMAN,MENEMEN_KARAORMAN_mahalle_siniri.kml,27.230264051134114,38.58679128323589
MENEMEN,MAHALLE,KASIMPAŞA,MENEMEN_KASIMPAŞA_mahalle_siniri.kml,27.07924216978249,38.610608683552734
MENEMEN,MAHALLE,KAZIMPAŞA,MENEMEN_KAZIMPAŞA_mahalle_siniri.kml,27.053554640307876,38.59264132760748
MENEMEN,MAHALLE,KESİK,MENEMEN_KESİK_mahalle_siniri.kml,26.975009306456283,38.617775685739126
MENEMEN,MAHALLE,KIR,MENEMEN_KIR_mahalle_siniri.kml,27.191396358197593,38.571908573789514
MENEMEN,MAHALLE,KOYUNDERE,MENEMEN_KOYUNDERE_mahalle_siniri.kml,27.06663949001384,38.56850497009912
MENEMEN,MAHALLE,MALTEPE,MENEMEN_MALTEPE_mahalle_siniri.kml,26.87915248601804,38.604100789781775
MENEMEN,MAHALLE,MERMERLİ,MENEMEN_MERMERLİ_mahalle_siniri.kml,27.069956751309622,38.62640853107565
MENEMEN,MAHALLE,MUSABEY,MENEMEN_MUSABEY_mahalle_siniri.kml,26.991484053095842,38.63935962346093
MENEMEN,MAHALLE,PAZARBAŞI,MENEMEN_PAZARBAŞI_mahalle_siniri.kml,27.06523323677253,38.60921005848463
MENEMEN,MAHALLE,AHIHIDIR,MENEMEN_AHIHIDIR_mahalle_siniri.kml,27.033892538121975,38.60509081693064
MENEMEN,MAHALLE,ALANİÇİ,MENEMEN_ALANİÇİ_mahalle_siniri.kml,27.21453727483325,38.59694412738426
MENEMEN,MAHALLE,ASARLIK,MENEMEN_ASARLIK_mahalle_siniri.kml,27.08792126495009,38.580782773895116
MENEMEN,MAHALLE,AYVACIK,MENEMEN_AYVACIK_mahalle_siniri.kml,27.193690038841922,38.61943127950648
MENEMEN,MAHALLE,BAĞCILAR,MENEMEN_BAĞCILAR_mahalle_siniri.kml,27.206530341278132,38.62314041276668
MENEMEN,MAHALLE,BELEN,MENEMEN_BELEN_mahalle_siniri.kml,27.103116719507337,38.639059116165036
MENEMEN,MAHALLE,BOZALAN,MENEMEN_BOZALAN_mahalle_siniri.kml,27.196573254882445,38.70093091701101
MENEMEN,MAHALLE,BURUNCUK,MENEMEN_BURUNCUK_mahalle_siniri.kml,27.03122995872786,38.66324767329833
MENEMEN,MAHALLE,CAMİKEBİR,MENEMEN_CAMİKEBİR_mahalle_siniri.kml,27.043024113379435,38.622401345711815
MENEMEN,MAHALLE,DEĞİRMENDERE,MENEMEN_DEĞİRMENDERE_mahalle_siniri.kml,27.150760891965326,38.63098444631856
MENEMEN,MAHALLE,DOĞA,MENEMEN_DOĞA_mahalle_siniri.kml,27.091183888116632,38.6550949553566
MENEMEN,MAHALLE,EMİRALEM,MENEMEN_EMİRALEM_mahalle_siniri.kml,27.139566138644476,38.61228891850957
MENEMEN,MAHALLE,EMİRALEM MERKEZ,MENEMEN_EMİRALEM_MERKEZ_mahalle_siniri.kml,27.154108101569676,38.620155542228524
MENEMEN,MAHALLE,ESATPAŞA,MENEMEN_ESATPAŞA_mahalle_siniri.kml,27.080550804799383,38.600134654084385
MENEMEN,MAHALLE,GAYBİ,MENEMEN_GAYBİ_mahalle_siniri.kml,27.06694250001422,38.60807601443995
MENEMEN,MAHALLE,GÖKTEPE,MENEMEN_GÖKTEPE_mahalle_siniri.kml,27.162784497667783,38.60327295100451
MENEMEN,MAHALLE,GÖLCÜK,MENEMEN_GÖLCÜK_mahalle_siniri.kml,27.085406824875083,38.58803063703423
NARLIDERE,MAHALLE,2  İNÖNÜ,NARLIDERE_2__İNÖNÜ_mahalle_siniri.kml,27.011148858074854,38.380287975807455
NARLIDERE,MAHALLE,ALTIEVLER,NARLIDERE_ALTIEVLER_mahalle_siniri.kml,26.995271998863604,38.401542420666644
NARLIDERE,MAHALLE,ATATÜRK,NARLIDERE_ATATÜRK_mahalle_siniri.kml,27.01858376497012,38.38711515747634
NARLIDERE,MAHALLE,HUZUR,NARLIDERE_HUZUR_mahalle_siniri.kml,26.981201672180934,38.36970297146927
NARLIDERE,İLÇE,NARLIDERE,NARLIDERE_ilce_siniri.kml,26.98201609680047,38.37441818390832
NARLIDERE,MAHALLE,ILICA,NARLIDERE_ILICA_mahalle_siniri.kml,27.02596016216107,38.383497633750295
NARLIDERE,MAHALLE,LİMANREİS,NARLIDERE_LİMANREİS_mahalle_siniri.kml,26.93758179776374,38.373862054339824
NARLIDERE,MAHALLE,NARLIDERE,NARLIDERE_NARLIDERE_mahalle_siniri.kml,26.968589499863608,38.39268819512226
NARLIDERE,MAHALLE,NARLI,NARLIDERE_NARLI_mahalle_siniri.kml,27.004747730121732,38.391084821517346
NARLIDERE,MAHALLE,SAHİLEVLERİ,NARLIDERE_SAHİLEVLERİ_mahalle_siniri.kml,27.01370343405725,38.40304470339124
NARLIDERE,MAHALLE,YENİKALE,NARLIDERE_YENİKALE_mahalle_siniri.kml,27.0121842253217,38.395351902117454
NARLIDERE,MAHALLE,YENİKÖY,NARLIDERE_YENİKÖY_mahalle_siniri.kml,27.023596423301225,38.38981674622924
NARLIDERE,MAHALLE,ÇAMTEPE,NARLIDERE_ÇAMTEPE_mahalle_siniri.kml,27.01186923895983,38.392063664662174
NARLIDERE,MAHALLE,ÇATALKAYA,NARLIDERE_ÇATALKAYA_mahalle_siniri.kml,27.000193871987708,38.39250823440844
SEFERİHİSAR,MAHALLE,ATATÜRK,SEFERİHİSAR_ATATÜRK_mahalle_siniri.kml,26.87488022639175,38.08434120500553
SEFERİHİSAR,MAHALLE,BENGİLER,SEFERİHİSAR_BENGİLER_mahalle_siniri.kml,26.965202934746618,38.115528620628076
SEFERİHİSAR,MAHALLE,BEYLER,SEFERİHİSAR_BEYLER_mahalle_siniri.kml,26.9249116307641,38.22078020230062
SEFERİHİSAR,MAHALLE,CAMİKEBİR,SEFERİHİSAR_CAMİKEBİR_mahalle_siniri.kml,26.81671745849092,38.20116782609167
SEFERİHİSAR,MAHALLE,CUMHURİYET,SEFERİHİSAR_CUMHURİYET_mahalle_siniri.kml,26.917250393039545,38.090435024360374
SEFERİHİSAR,MAHALLE,DOĞANBEY,SEFERİHİSAR_DOĞANBEY_mahalle_siniri.kml,26.900313752746438,38.07018307897567
SEFERİHİSAR,MAHALLE,DÜZCE,SEFERİHİSAR_DÜZCE_mahalle_siniri.kml,26.789691974460823,38.23383448256271
SEFERİHİSAR,MAHALLE,GÖDENCE,SEFERİHİSAR_GÖDENCE_mahalle_siniri.kml,26.927278867918663,38.270428139182634
SEFERİHİSAR,MAHALLE,GÖLCÜK,SEFERİHİSAR_GÖLCÜK_mahalle_siniri.kml,26.893053518362585,38.278233446550765
SEFERİHİSAR,MAHALLE,HIDIRLIK,SEFERİHİSAR_HIDIRLIK_mahalle_siniri.kml,26.81757556067459,38.17758866190281
SEFERİHİSAR,İLÇE,SEFERİHİSAR,SEFERİHİSAR_ilce_siniri.kml,26.881835768644272,38.18978810326059
SEFERİHİSAR,MAHALLE,KAVAKDERE,SEFERİHİSAR_KAVAKDERE_mahalle_siniri.kml,26.894972499765736,38.139817463686654
SEFERİHİSAR,MAHALLE,MERSİNALANI,SEFERİHİSAR_MERSİNALANI_mahalle_siniri.kml,26.975382567631467,38.10516592877672
SEFERİHİSAR,MAHALLE,ORHANLI,SEFERİHİSAR_ORHANLI_mahalle_siniri.kml,26.940899637524804,38.17450371817544
SEFERİHİSAR,MAHALLE,PAYAMLI,SEFERİHİSAR_PAYAMLI_mahalle_siniri.kml,26.93599924881931,38.08839390194771
SEFERİHİSAR,MAHALLE,SIĞACIK,SEFERİHİSAR_SIĞACIK_mahalle_siniri.kml,26.78592009747653,38.1948090988923
SEFERİHİSAR,MAHALLE,TEPECİK,SEFERİHİSAR_TEPECİK_mahalle_siniri.kml,26.851536788857604,38.15485159871709
SEFERİHİSAR,MAHALLE,TURABİYE,SEFERİHİSAR_TURABİYE_mahalle_siniri.kml,26.871766889222386,38.19544817277014
SEFERİHİSAR,MAHALLE,TURGUT,SEFERİHİSAR_TURGUT_mahalle_siniri.kml,26.790144250133245,38.26403781826598
SEFERİHİSAR,MAHALLE,ULAMIŞ,SEFERİHİSAR_ULAMIŞ_mahalle_siniri.kml,26.856242310162273,38.24787143747402
SEFERİHİSAR,MAHALLE,ÇAMTEPE,SEFERİHİSAR_ÇAMTEPE_mahalle_siniri.kml,26.940379555256794,38.29135782744054
SEFERİHİSAR,MAHALLE,ÇOLAKİBRAHİM,SEFERİHİSAR_ÇOLAKİBRAHİM_mahalle_siniri.kml,26.845977651107376,38.218696495893326
SEFERİHİSAR,MAHALLE,ÜRKMEZ,SEFERİHİSAR_ÜRKMEZ_mahalle_siniri.kml,26.94815607907723,38.078519756914154
SEFERİHİSAR,MAHALLE,İHSANİYE,SEFERİHİSAR_İHSANİYE_mahalle_siniri.kml,26.809836159304496,38.275529846696834
SELÇUK,MAHALLE,14 MAYIS,SELÇUK_14_MAYIS_mahalle_siniri.kml,27.389689242264186,37.93367883526649
SELÇUK,MAHALLE,ACARLAR,SELÇUK_ACARLAR_mahalle_siniri.kml,27.367817802176955,37.90824167160497
SELÇUK,MAHALLE,ATATÜRK,SELÇUK_ATATÜRK_mahalle_siniri.kml,27.32307945326598,37.95601155642332
SELÇUK,MAHALLE,BELEVİ,SELÇUK_BELEVİ_mahalle_siniri.kml,27.427921854264266,38.01900734289806
SELÇUK,MAHALLE,BURGAZ,SELÇUK_BURGAZ_mahalle_siniri.kml,27.399359774246804,37.85229416459053
SELÇUK,MAHALLE,CUMHURİYET,SELÇUK_CUMHURİYET_mahalle_siniri.kml,27.371199605447444,37.931309764808546
SELÇUK,MAHALLE,HAVUTÇULU,SELÇUK_HAVUTÇULU_mahalle_siniri.kml,27.42072048317256,37.88767790249365
SELÇUK,İLÇE,SELÇUK,SELÇUK_ilce_siniri.kml,27.374838612125973,37.96391935174385
SELÇUK,MAHALLE,SELÇUK,SELÇUK_SELÇUK_mahalle_siniri.kml,27.317478546517783,37.944841426996014
SELÇUK,MAHALLE,SULTANİYE,SELÇUK_SULTANİYE_mahalle_siniri.kml,27.33278143192844,37.88788605433799
SELÇUK,MAHALLE,ZAFER,SELÇUK_ZAFER_mahalle_siniri.kml,27.40401528612295,37.971802491391806
SELÇUK,MAHALLE,ZEYTİNKÖY,SELÇUK_ZEYTİNKÖY_mahalle_siniri.kml,27.282757124899046,38.00911881532783
SELÇUK,MAHALLE,ÇAMLIK,SELÇUK_ÇAMLIK_mahalle_siniri.kml,27.387339014716527,37.88772619743734
SELÇUK,MAHALLE,İCADİYE,SELÇUK_İCADİYE_mahalle_siniri.kml,27.40224234184977,37.91694041414948
SELÇUK,MAHALLE,İSABEY,SELÇUK_İSABEY_mahalle_siniri.kml,27.337891238726904,37.982938011504885
SELÇUK,MAHALLE,ŞİRİNCE,SELÇUK_ŞİRİNCE_mahalle_siniri.kml,27.437696005357044,37.948482342787386
ÇEŞME,MAHALLE,16 EYLÜL,ÇEŞME_16_EYLÜL_mahalle_siniri.kml,26.295173859590086,38.34061534448213
ÇEŞME,MAHALLE,ALAÇATI,ÇEŞME_ALAÇATI_mahalle_siniri.kml,26.40378895043801,38.25781507822977
ÇEŞME,MAHALLE,ALTINKUM,ÇEŞME_ALTINKUM_mahalle_siniri.kml,26.277910624350113,38.27809348487061
ÇEŞME,MAHALLE,CUMHURİYET,ÇEŞME_CUMHURİYET_mahalle_siniri.kml,26.292158529159614,38.35736368016419
ÇEŞME,MAHALLE,DALYAN,ÇEŞME_DALYAN_mahalle_siniri.kml,26.30577882452871,38.355070265500885
ÇEŞME,MAHALLE,GERMİYAN,ÇEŞME_GERMİYAN_mahalle_siniri.kml,26.459668485343126,38.32434786160486
ÇEŞME,İLÇE,ÇEŞME,ÇEŞME_ilce_siniri.kml,26.396994023181456,38.2899737775602
ÇEŞME,MAHALLE,ILDIR,ÇEŞME_ILDIR_mahalle_siniri.kml,26.483021785695787,38.401621647132444
ÇEŞME,MAHALLE,ILICA,ÇEŞME_ILICA_mahalle_siniri.kml,26.37659845178462,38.317027250967676
ÇEŞME,MAHALLE,KARAKÖY,ÇEŞME_KARAKÖY_mahalle_siniri.kml,26.484617701472626,38.2778696623098
ÇEŞME,MAHALLE,MUSALLA,ÇEŞME_MUSALLA_mahalle_siniri.kml,26.307220756779724,38.28984249119781
ÇEŞME,MAHALLE,OVACIK,ÇEŞME_OVACIK_mahalle_siniri.kml,26.321283527749333,38.2606533992126
ÇEŞME,MAHALLE,REİSDERE,ÇEŞME_REİSDERE_mahalle_siniri.kml,26.418264185416405,38.318409911399556
ÇEŞME,MAHALLE,SAKARYA,ÇEŞME_SAKARYA_mahalle_siniri.kml,26.323900979658667,38.32855376654754
ÇEŞME,MAHALLE,ÇİFTLİK,ÇEŞME_ÇİFTLİK_mahalle_siniri.kml,26.26797721894075,38.28810343442972
ÇEŞME,MAHALLE,ÜNİVERSİTE,ÇEŞME_ÜNİVERSİTE_mahalle_siniri.kml,26.31131252389896,38.3693740972217
ÇEŞME,MAHALLE,İNÖNÜ,ÇEŞME_İNÖNÜ_mahalle_siniri.kml,26.330748557300968,38.300251618089995
ÇEŞME,MAHALLE,ŞEHİTMEHMET,ÇEŞME_ŞEHİTMEHMET_mahalle_siniri.kml,26.24352880398599,38.27806899934356
ÇİĞLİ,MAHALLE,AHMET EFENDİ,ÇİĞLİ_AHMET_EFENDİ_mahalle_siniri.kml,27.03895122301758,38.5210584093515
ÇİĞLİ,MAHALLE,BALATÇIK,ÇİĞLİ_BALATÇIK_mahalle_siniri.kml,27.04592047910112,38.515736145062704
ÇİĞLİ,MAHALLE,BÜYÜK ÇİĞLİ,ÇİĞLİ_BÜYÜK_ÇİĞLİ_mahalle_siniri.kml,27.05556994385571,38.49092782835508
ÇİĞLİ,MAHALLE,HARMANDALI,ÇİĞLİ_HARMANDALI_mahalle_siniri.kml,27.078476267722614,38.53753241771397
ÇİĞLİ,İLÇE,ÇİĞLİ,ÇİĞLİ_ilce_siniri.kml,26.99288789342145,38.49705156381829
ÇİĞLİ,MAHALLE,KAKLIÇ,ÇİĞLİ_KAKLIÇ_mahalle_siniri.kml,26.9944052281731,38.48843214312809
ÇİĞLİ,MAHALLE,KÜÇÜK ÇİĞLİ,ÇİĞLİ_KÜÇÜK_ÇİĞLİ_mahalle_siniri.kml,27.052501788155624,38.48040575749234
ÇİĞLİ,MAHALLE,SASALI,ÇİĞLİ_SASALI_mahalle_siniri.kml,26.93184358707098,38.493911546653436
ÇİĞLİ,MAHALLE,UĞUR MUMCU,ÇİĞLİ_UĞUR_MUMCU_mahalle_siniri.kml,27.056671551889558,38.52416220843467
ÇİĞLİ,MAHALLE,İSTASYONALTI,ÇİĞLİ_İSTASYONALTI_mahalle_siniri.kml,27.063627664889594,38.48810083413946
ÖDEMİŞ,MAHALLE,SÜLEYMANLAR,ÖDEMİŞ_SÜLEYMANLAR_mahalle_siniri.kml,27.85377327289523,38.279586876014136
ÖDEMİŞ,MAHALLE,TEKKE,ÖDEMİŞ_TEKKE_mahalle_siniri.kml,28.060157095420504,38.36773583897861
ÖDEMİŞ,MAHALLE,TOSUNLAR,ÖDEMİŞ_TOSUNLAR_mahalle_siniri.kml,27.896767605931444,38.310617152453965
ÖDEMİŞ,MAHALLE,TÜRKMEN,ÖDEMİŞ_TÜRKMEN_mahalle_siniri.kml,27.95478119035683,38.22829433065742
ÖDEMİŞ,MAHALLE,TÜRKÖNÜ,ÖDEMİŞ_TÜRKÖNÜ_mahalle_siniri.kml,28.05745110393444,38.18521977035154
ÖDEMİŞ,MAHALLE,UMURBEY,ÖDEMİŞ_UMURBEY_mahalle_siniri.kml,27.98405112531793,38.18377821065894
ÖDEMİŞ,MAHALLE,UZUNDERE,ÖDEMİŞ_UZUNDERE_mahalle_siniri.kml,28.128115980122026,38.19374256439273
ÖDEMİŞ,MAHALLE,VELİLER,ÖDEMİŞ_VELİLER_mahalle_siniri.kml,27.839909727667187,38.259624870906634
ÖDEMİŞ,MAHALLE,YENİCEKÖY,ÖDEMİŞ_YENİCEKÖY_mahalle_siniri.kml,27.943285670126677,38.24192662497172
ÖDEMİŞ,MAHALLE,YENİKÖY,ÖDEMİŞ_YENİKÖY_mahalle_siniri.kml,27.884923552444132,38.20893096094268
ÖDEMİŞ,MAHALLE,YEŞİLKÖY,ÖDEMİŞ_YEŞİLKÖY_mahalle_siniri.kml,28.1805660383062,38.137999120666194
ÖDEMİŞ,MAHALLE,YILANLI,ÖDEMİŞ_YILANLI_mahalle_siniri.kml,28.118483085040396,38.301035211670055
ÖDEMİŞ,MAHALLE,YUSUFDERE,ÖDEMİŞ_YUSUFDERE_mahalle_siniri.kml,27.81576677796086,38.23294592949468
ÖDEMİŞ,MAHALLE,ÇAMLICA,ÖDEMİŞ_ÇAMLICA_mahalle_siniri.kml,27.95253763008893,38.0953437032484
ÖDEMİŞ,MAHALLE,ÇAMYAYLA,ÖDEMİŞ_ÇAMYAYLA_mahalle_siniri.kml,27.93774251319014,38.35658046444106
ÖDEMİŞ,MAHALLE,ÇAYIR,ÖDEMİŞ_ÇAYIR_mahalle_siniri.kml,28.0087331274806,37.99357421129731
ÖDEMİŞ,MAHALLE,ÇAYLI,ÖDEMİŞ_ÇAYLI_mahalle_siniri.kml,28.137541015862514,38.14737047423819
ÖDEMİŞ,MAHALLE,ÇAĞLAYAN,ÖDEMİŞ_ÇAĞLAYAN_mahalle_siniri.kml,27.98763021473914,38.290530775290954
ÖDEMİŞ,MAHALLE,ÇOBANLAR,ÖDEMİŞ_ÇOBANLAR_mahalle_siniri.kml,27.95978112326903,38.326761904202954
ÖDEMİŞ,MAHALLE,ÖRNEKÇİFTLİĞİ,ÖDEMİŞ_ÖRNEKÇİFTLİĞİ_mahalle_siniri.kml,27.961960390975225,38.18636544786015
ÖDEMİŞ,MAHALLE,ÜZÜMLÜ,ÖDEMİŞ_ÜZÜMLÜ_mahalle_siniri.kml,27.917850839066556,38.26697022043608
ÖDEMİŞ,MAHALLE,ÜÇEYLÜL,ÖDEMİŞ_ÜÇEYLÜL_mahalle_siniri.kml,27.941294799403806,38.20320522535815
ÖDEMİŞ,MAHALLE,ÜÇKONAK,ÖDEMİŞ_ÜÇKONAK_mahalle_siniri.kml,28.088605166858514,38.251381065218006
ÖDEMİŞ,MAHALLE,İLKKURŞUN,ÖDEMİŞ_İLKKURŞUN_mahalle_siniri.kml,27.861674094478712,38.17777158798361
ÖDEMİŞ,MAHALLE,İNÖNÜ,ÖDEMİŞ_İNÖNÜ_mahalle_siniri.kml,27.97640948307617,38.24896397560754
ÖDEMİŞ,MAHALLE,CUMHURİYET,ÖDEMİŞ_CUMHURİYET_mahalle_siniri.kml,27.994503319832216,38.21113232069117
ÖDEMİŞ,MAHALLE,DATBEY,ÖDEMİŞ_DATBEY_mahalle_siniri.kml,27.957196542487054,38.274161721199135
ÖDEMİŞ,MAHALLE,DEMİRCİLİ,ÖDEMİŞ_DEMİRCİLİ_mahalle_siniri.kml,27.904668020451467,38.22052445800473
ÖDEMİŞ,MAHALLE,DEMİRDERE,ÖDEMİŞ_DEMİRDERE_mahalle_siniri.kml,28.020400850317433,38.02474706650746
ÖDEMİŞ,MAHALLE,DEREBEBEKLER,ÖDEMİŞ_DEREBEBEKLER_mahalle_siniri.kml,27.91869377725987,38.32346438513577
ÖDEMİŞ,MAHALLE,DEREUZUNYER,ÖDEMİŞ_DEREUZUNYER_mahalle_siniri.kml,27.927648708868073,38.28159896606091
ÖDEMİŞ,MAHALLE,DOLAYLAR,ÖDEMİŞ_DOLAYLAR_mahalle_siniri.kml,27.98281814366659,38.28158369266923
ÖDEMİŞ,MAHALLE,EMMİOĞLU,ÖDEMİŞ_EMMİOĞLU_mahalle_siniri.kml,27.964310858465762,38.202503055903165
ÖDEMİŞ,MAHALLE,EMİRLİ,ÖDEMİŞ_EMİRLİ_mahalle_siniri.kml,28.114308256697136,38.10640405515871
ÖDEMİŞ,MAHALLE,ERTUĞRUL,ÖDEMİŞ_ERTUĞRUL_mahalle_siniri.kml,28.054554095137597,38.16630429726152
ÖDEMİŞ,MAHALLE,ESELLİ,ÖDEMİŞ_ESELLİ_mahalle_siniri.kml,28.129288723259485,38.162885627570304
ÖDEMİŞ,MAHALLE,GERELİ,ÖDEMİŞ_GERELİ_mahalle_siniri.kml,28.037777968165976,38.185713516677836
ÖDEMİŞ,MAHALLE,GERÇEKLİ,ÖDEMİŞ_GERÇEKLİ_mahalle_siniri.kml,28.07421065648386,38.21650923040454
ÖDEMİŞ,MAHALLE,GÖLCÜK,ÖDEMİŞ_GÖLCÜK_mahalle_siniri.kml,28.019960176204012,38.30757283397881
ÖDEMİŞ,MAHALLE,GÜNEY,ÖDEMİŞ_GÜNEY_mahalle_siniri.kml,27.945071521010455,38.009857065474755
ÖDEMİŞ,MAHALLE,HACIHASAN,ÖDEMİŞ_HACIHASAN_mahalle_siniri.kml,28.07959610485716,38.27918569769262
ÖDEMİŞ,MAHALLE,HALKAPINAR,ÖDEMİŞ_HALKAPINAR_mahalle_siniri.kml,27.990558746406634,38.32316434122132
ÖDEMİŞ,MAHALLE,HAMAM,ÖDEMİŞ_HAMAM_mahalle_siniri.kml,27.980842216841097,38.01223568616793
ÖDEMİŞ,MAHALLE,HORZUM,ÖDEMİŞ_HORZUM_mahalle_siniri.kml,27.901659435835548,38.3797881983498
ÖDEMİŞ,İLÇE,ÖDEMİŞ,ÖDEMİŞ_ilce_siniri.kml,27.99929627547827,38.205444539496725
ÖDEMİŞ,MAHALLE,IŞIK,ÖDEMİŞ_IŞIK_mahalle_siniri.kml,27.88252958254463,38.22737762542544
ÖDEMİŞ,MAHALLE,KARADOĞAN,ÖDEMİŞ_KARADOĞAN_mahalle_siniri.kml,27.916671441369246,38.24047339240422
ÖDEMİŞ,MAHALLE,ADAGÜME,ÖDEMİŞ_ADAGÜME_mahalle_siniri.kml,27.99732904654339,38.12735124508949
ÖDEMİŞ,MAHALLE,ADAGİDE,ÖDEMİŞ_ADAGİDE_mahalle_siniri.kml,28.026287566153538,38.118388411396744
ÖDEMİŞ,MAHALLE,AKINCILAR,ÖDEMİŞ_AKINCILAR_mahalle_siniri.kml,27.97273230670939,38.229648862033834
ÖDEMİŞ,MAHALLE,ALAŞARLI,ÖDEMİŞ_ALAŞARLI_mahalle_siniri.kml,28.15334892149005,38.144447678548524
ÖDEMİŞ,MAHALLE,ARTICAK,ÖDEMİŞ_ARTICAK_mahalle_siniri.kml,27.996915936643067,38.36204702086355
ÖDEMİŞ,MAHALLE,ATATÜRK,ÖDEMİŞ_ATATÜRK_mahalle_siniri.kml,27.987393960156933,38.23813085859691
ÖDEMİŞ,MAHALLE,BADEMLİ,ÖDEMİŞ_BADEMLİ_mahalle_siniri.kml,28.05792763303749,38.071240311429655
ÖDEMİŞ,MAHALLE,BALABANLI,ÖDEMİŞ_BALABANLI_mahalle_siniri.kml,27.959582256993546,38.148450070288916
ÖDEMİŞ,MAHALLE,BAYEZİTLER,ÖDEMİŞ_BAYEZİTLER_mahalle_siniri.kml,28.043191870991187,38.261861763153995
ÖDEMİŞ,MAHALLE,BENGİSU,ÖDEMİŞ_BENGİSU_mahalle_siniri.kml,27.970128801690954,38.23317579657265
ÖDEMİŞ,MAHALLE,BEZDEGÜME,ÖDEMİŞ_BEZDEGÜME_mahalle_siniri.kml,28.01954464077556,38.194349360755034
ÖDEMİŞ,MAHALLE,BIÇAKÇI,ÖDEMİŞ_BIÇAKÇI_mahalle_siniri.kml,28.120290953033145,38.05118289665095
ÖDEMİŞ,MAHALLE,BOZCAYAKA,ÖDEMİŞ_BOZCAYAKA_mahalle_siniri.kml,27.97245577070804,38.12042531531018
ÖDEMİŞ,MAHALLE,BOZDAĞ,ÖDEMİŞ_BOZDAĞ_mahalle_siniri.kml,28.09626216359786,38.35211782101249
ÖDEMİŞ,MAHALLE,BUCAK,ÖDEMİŞ_BUCAK_mahalle_siniri.kml,28.114907819900356,38.22821780303481
ÖDEMİŞ,MAHALLE,BURGAZ,ÖDEMİŞ_BURGAZ_mahalle_siniri.kml,28.035054014995495,38.33837224949622
ÖDEMİŞ,MAHALLE,BÜLBÜLLER,ÖDEMİŞ_BÜLBÜLLER_mahalle_siniri.kml,27.842295903915947,38.2355416045574
ÖDEMİŞ,MAHALLE,BÜYÜKAVULCUK,ÖDEMİŞ_BÜYÜKAVULCUK_mahalle_siniri.kml,28.03951524195147,38.22500604854109
ÖDEMİŞ,MAHALLE,BİRGİ,ÖDEMİŞ_BİRGİ_mahalle_siniri.kml,28.067202321297895,38.26972384454021
ÖDEMİŞ,MAHALLE,KÖSELER,ÖDEMİŞ_KÖSELER_mahalle_siniri.kml,27.87722586365608,38.27496522421435
ÖDEMİŞ,MAHALLE,KÜRE,ÖDEMİŞ_KÜRE_mahalle_siniri.kml,27.983919397692727,38.063730280651086
ÖDEMİŞ,MAHALLE,KÜÇÜKAVULCUK,ÖDEMİŞ_KÜÇÜKAVULCUK_mahalle_siniri.kml,28.026097184259946,38.24695296713577
ÖDEMİŞ,MAHALLE,KÜÇÜKÖREN,ÖDEMİŞ_KÜÇÜKÖREN_mahalle_siniri.kml,27.99988922867685,38.044174046461166
ÖDEMİŞ,MAHALLE,MESCİTLİ,ÖDEMİŞ_MESCİTLİ_mahalle_siniri.kml,28.072168562601526,38.1359085759616
ÖDEMİŞ,MAHALLE,MEŞRUTİYET,ÖDEMİŞ_MEŞRUTİYET_mahalle_siniri.kml,27.96658253408185,38.22856434099011
ÖDEMİŞ,MAHALLE,MURSALLI,ÖDEMİŞ_MURSALLI_mahalle_siniri.kml,27.98001420799863,38.26545723874592
ÖDEMİŞ,MAHALLE,MİMARSİNAN,ÖDEMİŞ_MİMARSİNAN_mahalle_siniri.kml,27.96673837738704,38.23212109567065
ÖDEMİŞ,MAHALLE,OCAKLI,ÖDEMİŞ_OCAKLI_mahalle_siniri.kml,28.009780589568724,38.234983119544914
ÖDEMİŞ,MAHALLE,ORHANGAZİ,ÖDEMİŞ_ORHANGAZİ_mahalle_siniri.kml,28.176920870193722,38.165817353578895
ÖDEMİŞ,MAHALLE,ORTAKÖY,ÖDEMİŞ_ORTAKÖY_mahalle_siniri.kml,27.929829598467112,38.251085069507724
ÖDEMİŞ,MAHALLE,OVACIK,ÖDEMİŞ_OVACIK_mahalle_siniri.kml,28.05966789588608,38.305907233744584
ÖDEMİŞ,MAHALLE,OĞUZLAR,ÖDEMİŞ_OĞUZLAR_mahalle_siniri.kml,28.02484057896734,38.274815545191245
ÖDEMİŞ,MAHALLE,PİRİNÇÇİ,ÖDEMİŞ_PİRİNÇÇİ_mahalle_siniri.kml,28.08309390600672,38.089947988284585
ÖDEMİŞ,MAHALLE,SEKİKÖY,ÖDEMİŞ_SEKİKÖY_mahalle_siniri.kml,27.85848692166081,38.21890704012523
ÖDEMİŞ,MAHALLE,SEYREKLİ,ÖDEMİŞ_SEYREKLİ_mahalle_siniri.kml,27.905611876042503,38.18529157712095
ÖDEMİŞ,MAHALLE,CEVİZALAN,ÖDEMİŞ_CEVİZALAN_mahalle_siniri.kml,28.123869464602876,38.2611643430717
ÖDEMİŞ,MAHALLE,KARAKOVA,ÖDEMİŞ_KARAKOVA_mahalle_siniri.kml,27.94273945304534,38.17276381442481
ÖDEMİŞ,MAHALLE,KÖFÜNDERE,ÖDEMİŞ_KÖFÜNDERE_mahalle_siniri.kml,28.159303403597516,38.20297117111251
ÖDEMİŞ,MAHALLE,SUÇIKTI,ÖDEMİŞ_SUÇIKTI_mahalle_siniri.kml,27.89007393292061,38.296047943707364
ÖDEMİŞ,MAHALLE,KAYAKÖY,ÖDEMİŞ_KAYAKÖY_mahalle_siniri.kml,27.82163505114354,38.20297732720801
ÖDEMİŞ,MAHALLE,KAYMAKÇI,ÖDEMİŞ_KAYMAKÇI_mahalle_siniri.kml,28.10355145819474,38.17271341548937
ÖDEMİŞ,MAHALLE,KAZANLI,ÖDEMİŞ_KAZANLI_mahalle_siniri.kml,27.93494362752848,38.14863767243576
ÖDEMİŞ,MAHALLE,KEMENLER,ÖDEMİŞ_KEMENLER_mahalle_siniri.kml,28.09087676404198,38.10448569466953
ÖDEMİŞ,MAHALLE,KEMER,ÖDEMİŞ_KEMER_mahalle_siniri.kml,28.098135960708312,38.2981904762615
ÖDEMİŞ,MAHALLE,KERPİÇLİK,ÖDEMİŞ_KERPİÇLİK_mahalle_siniri.kml,27.820756264408725,38.29283613557494
ÖDEMİŞ,MAHALLE,KEÇİLİLER,ÖDEMİŞ_KEÇİLİLER_mahalle_siniri.kml,27.870879421331768,38.22744685706716
ÖDEMİŞ,MAHALLE,KIZILCAAVLU,ÖDEMİŞ_KIZILCAAVLU_mahalle_siniri.kml,28.15516983890123,38.13215175277349
ÖDEMİŞ,MAHALLE,KIZILCA,ÖDEMİŞ_KIZILCA_mahalle_siniri.kml,27.846231631456696,38.299573751365294
ÖDEMİŞ,MAHALLE,KIŞLA,ÖDEMİŞ_KIŞLA_mahalle_siniri.kml,28.05874962675998,38.19858874648653
ÖDEMİŞ,MAHALLE,KURUCUOVA,ÖDEMİŞ_KURUCUOVA_mahalle_siniri.kml,28.08101352246994,38.17629301277673
ÖDEMİŞ,MAHALLE,KUTLUBEYLER,ÖDEMİŞ_KUTLUBEYLER_mahalle_siniri.kml,28.109918800623934,38.25792927494055
ÖDEMİŞ,MAHALLE,KUVVETLİ,ÖDEMİŞ_KUVVETLİ_mahalle_siniri.kml,27.966988994155685,38.23971468063676
